Lp.,Nazwa Podmiotu,Dyscyplina,Kategoria naukowa
1,Akademia Bialska Nauk Stosowanych im. Jana Pawła II,ekonomia i finanse,B+
2,Akademia Bialska Nauk Stosowanych im. Jana Pawła II,nauki o zdrowiu,B+
3,Akademia Ekonomiczno-Humanistyczna w Warszawie,ekonomia i finanse,B+
4,Akademia Ekonomiczno-Humanistyczna w Warszawie,nauki o polityce i administracji,B+
5,Akademia Ekonomiczno-Humanistyczna w Warszawie,nauki prawne,B+
6,Akademia Ekonomiczno-Humanistyczna w Warszawie,psychologia,B+
7,Akademia Finansów i Biznesu Vistula,ekonomia i finanse,B
8,Akademia Finansów i Biznesu Vistula,historia,A
9,Akademia Finansów i Biznesu Vistula,nauki o polityce i administracji,B+
10,Akademia Finansów i Biznesu Vistula,nauki o zarządzaniu i jakości,A
11,"Akademia Górniczo-Hutnicza im. Stanisława Staszica wKrakowie","automatyka, elektronika ielektrotechnika",A
12,"Akademia Górniczo-Hutnicza im. Stanisława Staszica wKrakowie",ekonomia i finanse,A
13,"Akademia Górniczo-Hutnicza im. Stanisława Staszica wKrakowie",informatyka,B+
14,"Akademia Górniczo-Hutnicza im. Stanisława Staszica wKrakowie","informatyka techniczna itelekomunikacja",A
15,"Akademia Górniczo-Hutnicza im. Stanisława Staszica wKrakowie",inżynieria biomedyczna,A
16,"Akademia Górniczo-Hutnicza im. Stanisława Staszica wKrakowie",inżynieria chemiczna,B+
17,"Akademia Górniczo-Hutnicza im. Stanisława Staszica wKrakowie",inżynieria lądowa i transport,B+
18,"Akademia Górniczo-Hutnicza im. Stanisława Staszica wKrakowie",inżynieria materiałowa,B+
19,"Akademia Górniczo-Hutnicza im. Stanisława Staszica wKrakowie",inżynieria mechaniczna,B+
20,"Akademia Górniczo-Hutnicza im. Stanisława Staszica wKrakowie","inżynieria środowiska, górnictwo ienergetyka",B+
21,"Akademia Górniczo-Hutnicza im. Stanisława Staszica wKrakowie",matematyka,A
22,"Akademia Górniczo-Hutnicza im. Stanisława Staszica wKrakowie",nauki chemiczne,A
23,"Akademia Górniczo-Hutnicza im. Stanisława Staszica wKrakowie",nauki fizyczne,A+
24,"Akademia Górniczo-Hutnicza im. Stanisława Staszica wKrakowie",nauki o kulturze i religii,A
25,"Akademia Górniczo-Hutnicza im. Stanisława Staszica wKrakowie",nauki o zarządzaniu i jakości,B+
26,"Akademia Górniczo-Hutnicza im. Stanisława Staszica wKrakowie",nauki o Ziemi i środowisku,A
27,"Akademia Górniczo-Hutnicza im. Stanisława Staszica wKrakowie",nauki socjologiczne,B+
Lp.,Nazwa Podmiotu,Dyscyplina,Kategoria naukowa
29,Akademia Humanistyczno-Ekonomiczna w Łodzi,"sztuki plastyczne i konserwacja dziełsztuki",C
30,Akademia Ignatianum w Krakowie,filozofia,A
31,Akademia Ignatianum w Krakowie,nauki o kulturze i religii,A
32,Akademia Ignatianum w Krakowie,nauki o polityce i administracji,B+
33,Akademia Ignatianum w Krakowie,pedagogika,B+
34,Akademia Ignatianum w Krakowie,psychologia,B+
35,Akademia im. Jakuba z Paradyża,ekonomia i finanse,B
36,Akademia im. Jakuba z Paradyża,"informatyka techniczna itelekomunikacja",C
37,Akademia im. Jakuba z Paradyża,inżynieria mechaniczna,B
38,Akademia im. Jakuba z Paradyża,językoznawstwo,B
39,Akademia im. Jakuba z Paradyża,nauki o bezpieczeństwie,B
40,Akademia im. Jakuba z Paradyża,nauki prawne,B
41,Akademia im. Jakuba z Paradyża,pedagogika,B
42,"Akademia Kaliska im. Prezydenta StanisławaWojciechowskiego",nauki o bezpieczeństwie,B
43,"Akademia Kaliska im. Prezydenta StanisławaWojciechowskiego",nauki o zarządzaniu i jakości,B+
44,"Akademia Kaliska im. Prezydenta StanisławaWojciechowskiego",nauki o zdrowiu,B+
45,Akademia Katolicka w Warszawie,nauki teologiczne,B+
46,Akademia Leona Koźmińskiego w Warszawie,ekonomia i finanse,B+
47,Akademia Leona Koźmińskiego w Warszawie,nauki o zarządzaniu i jakości,B+
48,Akademia Leona Koźmińskiego w Warszawie,nauki prawne,B
49,Akademia Morska w Szczecinie,inżynieria lądowa i transport,B+
50,Akademia Morska w Szczecinie,inżynieria mechaniczna,B+
51,Akademia Morska w Szczecinie,nauki o zarządzaniu i jakości,A
52,Akademia Muzyczna im. Feliksa Nowowiejskiego w Bydgoszczy,sztuki muzyczne,B+
53,"Akademia Muzyczna im. Grażyny i Kiejstuta Bacewiczów wŁodzi",sztuki muzyczne,A
54,"Akademia Muzyczna im. Ignacego Jana Paderewskiego wPoznaniu",sztuki muzyczne,A
55,Akademia Muzyczna im. Karola Lipińskiego we Wrocławiu,sztuki muzyczne,B+
56,Akademia Muzyczna im. Karola Szymanowskiego w Katowicach,sztuki muzyczne,B+
57,Akademia Muzyczna im. Krzysztofa Pendereckiego w Krakowie,sztuki muzyczne,B+
58,Akademia Muzyczna im. Stanisława Moniuszki w Gdańsku,sztuki muzyczne,A
Lp.,Nazwa Podmiotu,Dyscyplina,Kategoria naukowa
60,Akademia Nauk Stosowanych w Łomży,nauki prawne,B+
61,Akademia Nauk Stosowanych w Tarnowie,"automatyka, elektronika ielektrotechnika",B
62,Akademia Nauk Stosowanych w Tarnowie,"sztuki plastyczne i konserwacja dziełsztuki",A
63,"Akademia Pedagogiki Specjalnej im. Marii Grzegorzewskiej wWarszawie",filozofia,B+
64,"Akademia Pedagogiki Specjalnej im. Marii Grzegorzewskiej wWarszawie",nauki socjologiczne,C
65,"Akademia Pedagogiki Specjalnej im. Marii Grzegorzewskiej wWarszawie",pedagogika,B+
66,"Akademia Pedagogiki Specjalnej im. Marii Grzegorzewskiej wWarszawie",psychologia,B
67,"Akademia Pedagogiki Specjalnej im. Marii Grzegorzewskiej wWarszawie","sztuki plastyczne i konserwacja dziełsztuki",A
68,Akademia Pomorska w Słupsku,historia,B+
69,Akademia Pomorska w Słupsku,językoznawstwo,B
70,Akademia Pomorska w Słupsku,literaturoznawstwo,B+
71,Akademia Pomorska w Słupsku,matematyka,B
72,Akademia Pomorska w Słupsku,nauki biologiczne,B
73,Akademia Pomorska w Słupsku,nauki medyczne,B
74,Akademia Pomorska w Słupsku,nauki o bezpieczeństwie,B+
75,Akademia Pomorska w Słupsku,nauki o Ziemi i środowisku,B
76,Akademia Pomorska w Słupsku,nauki prawne,A
77,Akademia Pomorska w Słupsku,pedagogika,B
78,"Akademia Sztuk Pięknych im. Eugeniusza Gepperta weWrocławiu","sztuki plastyczne i konserwacja dziełsztuki",A
79,Akademia Sztuk Pięknych im. Jana Matejki w Krakowie,"sztuki plastyczne i konserwacja dziełsztuki",A
80,"Akademia Sztuk Pięknych im. Władysława Strzemińskiego wŁodzi","sztuki plastyczne i konserwacja dziełsztuki",A
81,Akademia Sztuk Pięknych w Gdańsku,"sztuki plastyczne i konserwacja dziełsztuki",A+
82,Akademia Sztuk Pięknych w Katowicach,"sztuki plastyczne i konserwacja dziełsztuki",A+
83,Akademia Sztuk Pięknych w Warszawie,"sztuki plastyczne i konserwacja dziełsztuki",B+
84,"Akademia Sztuk Teatralnych im. Stanisława Wyspiańskiego wKrakowie",sztuki filmowe i teatralne,A
85,Akademia Sztuki w Szczecinie,sztuki muzyczne,B+
86,Akademia Sztuki w Szczecinie,"sztuki plastyczne i konserwacja dziełsztuki",A+
87,Akademia Sztuki Wojennej,historia,B
88,Akademia Sztuki Wojennej,nauki o bezpieczeństwie,A+
89,Akademia Sztuki Wojennej,nauki o zarządzaniu i jakości,B+
Lp.,Nazwa Podmiotu,Dyscyplina,Kategoria naukowa
91,Akademia Teatralna im. Aleksandra Zelwerowicza w Warszawie,nauki o sztuce,B
92,Akademia Teatralna im. Aleksandra Zelwerowicza w Warszawie,sztuki filmowe i teatralne,A+
93,Akademia Techniczno-Humanistyczna w Bielsku-Białej,"informatyka techniczna itelekomunikacja",B
94,Akademia Techniczno-Humanistyczna w Bielsku-Białej,inżynieria lądowa i transport,B
95,Akademia Techniczno-Humanistyczna w Bielsku-Białej,inżynieria materiałowa,B+
96,Akademia Techniczno-Humanistyczna w Bielsku-Białej,inżynieria mechaniczna,B+
97,Akademia Techniczno-Humanistyczna w Bielsku-Białej,"inżynieria środowiska, górnictwo ienergetyka",B
98,Akademia Techniczno-Humanistyczna w Bielsku-Białej,językoznawstwo,A
99,Akademia Techniczno-Humanistyczna w Bielsku-Białej,literaturoznawstwo,B+
100,Akademia Techniczno-Humanistyczna w Bielsku-Białej,nauki o zarządzaniu i jakości,B+
101,Akademia Techniczno-Humanistyczna w Bielsku-Białej,nauki o zdrowiu,B
102,Akademia Techniczno-Humanistyczna w Bielsku-Białej,pedagogika,B
103,"Akademia Wojsk Lądowych imienia generała TadeuszaKościuszki",nauki o bezpieczeństwie,B+
104,"Akademia Wojsk Lądowych imienia generała TadeuszaKościuszki",nauki o zarządzaniu i jakości,B+
105,Akademia WSB,inżynieria lądowa i transport,B+
106,Akademia WSB,nauki o bezpieczeństwie,B+
107,Akademia WSB,nauki o zarządzaniu i jakości,A
108,Akademia WSB,pedagogika,A
109,"Akademia Wychowania Fizycznego i Sportu im. JędrzejaŚniadeckiego w Gdańsku",nauki o kulturze fizycznej,B+
110,"Akademia Wychowania Fizycznego im. Bronisława Czecha wKrakowie",nauki o kulturze fizycznej,B+
111,"Akademia Wychowania Fizycznego im. EugeniuszaPiaseckiego w Poznaniu",nauki o kulturze fizycznej,A
112,"Akademia Wychowania Fizycznego im. Jerzego Kukuczki wKatowicach",nauki o kulturze fizycznej,A+
113,"Akademia Wychowania Fizycznego Józefa Piłsudskiego wWarszawie",nauki o kulturze fizycznej,B+
114,Akademia Wychowania Fizycznego we Wrocławiu,nauki o kulturze fizycznej,A
115,Ateneum – Akademia Nauk Stosowanych,językoznawstwo,B
116,Ateneum – Akademia Nauk Stosowanych,pedagogika,B+
117,Centralne Laboratorium Ochrony Radiologicznej,nauki o Ziemi i środowisku,C
118,"Centralny Instytut Ochrony Pracy - Państwowy InstytutBadawczy","inżynieria środowiska, górnictwo ienergetyka",A
119,"Centrum Astronomiczne im. Mikołaja Kopernika PolskiejAkademii Nauk",astronomia,A+
120,Centrum Badań i Innowacji Pro-Akademia,"inżynieria środowiska, górnictwo ienergetyka",B+
Lp.,Nazwa Podmiotu,Dyscyplina,Kategoria naukowa
122,Centrum Badań Kosmicznych Polskiej Akademii Nauk,astronomia,B
123,Centrum Badań Kosmicznych Polskiej Akademii Nauk,"automatyka, elektronika ielektrotechnika",B+
124,Centrum Badań Kosmicznych Polskiej Akademii Nauk,nauki o Ziemi i środowisku,B+
125,"Centrum Badań Molekularnych i Makromolekularnych PolskiejAkademii Nauk",nauki chemiczne,B+
126,Centrum Fizyki Teoretycznej Polskiej Akademii Nauk,nauki fizyczne,A
127,"Centrum Materiałów Polimerowych i Węglowych PolskiejAkademii Nauk",nauki chemiczne,B+
128,Centrum Medyczne Kształcenia Podyplomowego w Warszawie,nauki medyczne,B+
129,Centrum Medyczne Kształcenia Podyplomowego w Warszawie,nauki o zdrowiu,A
130,"Centrum Naukowo-Badawcze Ochrony Przeciwpożarowej im.Józefa Tuliszkowskiego - Państwowy Instytut Badawczy","inżynieria środowiska, górnictwo ienergetyka",B+
131,Centrum Techniki Okrętowej S.A. Zakład Badawczo-Rozwojowy,inżynieria mechaniczna,B
132,Chrześcijańska Akademia Teologiczna w Warszawie,nauki teologiczne,A
133,Chrześcijańska Akademia Teologiczna w Warszawie,pedagogika,B+
134,Collegium Civitas w Warszawie,nauki o polityce i administracji,B+
135,Collegium Civitas w Warszawie,nauki socjologiczne,B+
136,"Dolnośląskie Centrum Onkologii, Pulmonologii i Hematologii",nauki medyczne,C
137,"Europejskie Regionalne Centrum Ekohydrologii PolskiejAkademii Nauk",nauki biologiczne,A
138,Federacja Akademii Wojskowych,"automatyka, elektronika ielektrotechnika",A
139,Federacja Akademii Wojskowych,inżynieria lądowa i transport,B+
140,Federacja Akademii Wojskowych,inżynieria mechaniczna,B+
141,Federacja Akademii Wojskowych,nauki o bezpieczeństwie,A+
142,Federacja Akademii Wojskowych,pedagogika,A
143,Federacja Naukowa WSB-DSW,ekonomia i finanse,A
144,Federacja Naukowa WSB-DSW,językoznawstwo,A
145,Federacja Naukowa WSB-DSW,nauki o bezpieczeństwie,B
146,Federacja Naukowa WSB-DSW,"nauki o komunikacji społecznej imediach",A
147,Federacja Naukowa WSB-DSW,nauki o kulturze fizycznej,B+
148,Federacja Naukowa WSB-DSW,nauki o zarządzaniu i jakości,A
149,Federacja Naukowa WSB-DSW,pedagogika,A
150,Fundacja Badań i Rozwoju Nauki,nauki medyczne,B
151,Gdański Uniwersytet Medyczny,nauki farmaceutyczne,A
Lp.,Nazwa Podmiotu,Dyscyplina,Kategoria naukowa
153,Gdański Uniwersytet Medyczny,nauki o zdrowiu,B+
154,Główny Instytut Górnictwa,"inżynieria środowiska, górnictwo ienergetyka",A
155,"Górnośląska Wyższa Szkoła Handlowa im. WojciechaKorfantego w Katowicach",nauki o zarządzaniu i jakości,B
156,"Instytut ""Centrum Zdrowia Matki Polki""",nauki medyczne,A
157,"Instytut ""Pomnik - Centrum Zdrowia Dziecka""",nauki medyczne,A
158,"Instytut Agrofizyki im. Bohdana Dobrzańskiego PolskiejAkademii Nauk",rolnictwo i ogrodnictwo,A+
159,Instytut Archeologii i Etnologii Polskiej Akademii Nauk,archeologia,B+
160,Instytut Archeologii i Etnologii Polskiej Akademii Nauk,historia,A
161,Instytut Archeologii i Etnologii Polskiej Akademii Nauk,nauki o kulturze i religii,A
162,Instytut Automatyki Systemów Energetycznych Sp. z o.o.,"inżynieria środowiska, górnictwo ienergetyka",C
163,Instytut Badań Literackich Polskiej Akademii Nauk,literaturoznawstwo,A
164,Instytut Badań Systemowych Polskiej Akademii Nauk,"automatyka, elektronika ielektrotechnika",B+
165,Instytut Badań Systemowych Polskiej Akademii Nauk,"informatyka techniczna itelekomunikacja",A
166,Instytut Badawczy Dróg i Mostów,inżynieria lądowa i transport,B
167,Instytut Badawczy Leśnictwa,nauki leśne,B+
168,Instytut Biochemii i Biofizyki Polskiej Akademii Nauk,nauki biologiczne,B+
169,Instytut Biochemii i Biofizyki Polskiej Akademii Nauk,nauki chemiczne,A
170,"Instytut Biocybernetyki i Inżynierii Biomedycznej im. MaciejaNałęcza Polskiej Akademii Nauk",inżynieria biomedyczna,B+
171,"Instytut Biologii Doświadczalnej im. Marcelego NenckiegoPolskiej Akademii Nauk",nauki biologiczne,A+
172,Instytut Biologii Medycznej Polskiej Akademii Nauk,nauki medyczne,A
173,Instytut Biologii Ssaków Polskiej Akademii Nauk,nauki biologiczne,B+
174,"Instytut Biotechnologii Przemysłu Rolno-Spożywczego im. prof.Wacława Dąbrowskiego – Państwowy Instytut Badawczy",rolnictwo i ogrodnictwo,A
175,"Instytut Biotechnologii Przemysłu Rolno-Spożywczego im. prof.Wacława Dąbrowskiego – Państwowy Instytut Badawczy",technologia żywności i żywienia,A
176,"Instytut Botaniki im. Władysława Szafera Polskiej AkademiiNauk",nauki biologiczne,B+
177,Instytut Budownictwa Wodnego Polskiej Akademii Nauk,inżynieria lądowa i transport,B
178,Instytut Chemicznej Przeróbki Węgla,"inżynieria środowiska, górnictwo ienergetyka",B+
179,Instytut Chemii Bioorganicznej Polskiej Akademii Nauk,"informatyka techniczna itelekomunikacja",A
180,Instytut Chemii Bioorganicznej Polskiej Akademii Nauk,nauki biologiczne,A+
181,Instytut Chemii Bioorganicznej Polskiej Akademii Nauk,nauki chemiczne,A
182,Instytut Chemii Fizycznej Polskiej Akademii Nauk,nauki chemiczne,A+
Lp.,Nazwa Podmiotu,Dyscyplina,Kategoria naukowa
184,Instytut Chemii Organicznej Polskiej Akademii Nauk,nauki chemiczne,A+
185,Instytut Dendrologii Polskiej Akademii Nauk,nauki biologiczne,A
186,Instytut Dendrologii Polskiej Akademii Nauk,nauki leśne,A+
187,Instytut Ekologii Terenów Uprzemysłowionych,"inżynieria środowiska, górnictwo ienergetyka",C
188,Instytut Ekologii Terenów Uprzemysłowionych,nauki biologiczne,C
189,"Instytut Ekonomiki Rolnictwa i Gospodarki Żywnościowej -Państwowy Instytut Badawczy",ekonomia i finanse,B
190,Instytut Energetyki - Instytut Badawczy,"inżynieria środowiska, górnictwo ienergetyka",B+
191,Instytut Farmakologii im. Jerzego Maja Polskiej Akademii Nauk,nauki farmaceutyczne,A
192,Instytut Farmakologii im. Jerzego Maja Polskiej Akademii Nauk,nauki medyczne,A
193,Instytut Filozofii i Socjologii Polskiej Akademii Nauk,filozofia,B
194,Instytut Filozofii i Socjologii Polskiej Akademii Nauk,nauki socjologiczne,B+
195,Instytut Fizjologii i Patologii Słuchu,nauki medyczne,A
196,"Instytut Fizjologii i Żywienia Zwierząt im. Jana KielanowskiegoPolskiej Akademii Nauk",nauki biologiczne,B+
197,"Instytut Fizjologii i Żywienia Zwierząt im. Jana KielanowskiegoPolskiej Akademii Nauk",zootechnika i rybactwo,A
198,"Instytut Fizjologii Roślin im. Franciszka Górskiego PolskiejAkademii Nauk",rolnictwo i ogrodnictwo,B+
199,"Instytut Fizyki Jądrowej im. Henryka NiewodniczańskiegoPolskiej Akademii Nauk",nauki fizyczne,A+
200,Instytut Fizyki Molekularnej Polskiej Akademii Nauk,nauki fizyczne,B+
201,Instytut Fizyki Plazmy i Laserowej Mikrosyntezy,nauki fizyczne,B+
202,Instytut Fizyki Polskiej Akademii Nauk,nauki fizyczne,B+
203,Instytut Genetyki Człowieka Polskiej Akademii Nauk,nauki medyczne,A
204,"Instytut Genetyki i Biotechnologii Zwierząt Polskiej AkademiiNauk",nauki o zdrowiu,A
205,"Instytut Genetyki i Biotechnologii Zwierząt Polskiej AkademiiNauk",zootechnika i rybactwo,A+
206,Instytut Genetyki Roślin Polskiej Akademii Nauk,rolnictwo i ogrodnictwo,A
207,Instytut Geodezji i Kartografii,nauki o Ziemi i środowisku,B+
208,Instytut Geofizyki Polskiej Akademii Nauk,nauki o Ziemi i środowisku,A
209,"Instytut Geografii i Przestrzennego Zagospodarowania im.Stanisława Leszczyckiego Polskiej Akademii Nauk","geografia społeczno-ekonomiczna igospodarka przestrzenna",A
210,"Instytut Geografii i Przestrzennego Zagospodarowania im.Stanisława Leszczyckiego Polskiej Akademii Nauk",nauki o Ziemi i środowisku,B+
211,"Instytut Gospodarki Surowcami Mineralnymi i Energią PolskiejAkademii Nauk","inżynieria środowiska, górnictwo ienergetyka",A
212,Instytut Gruźlicy i Chorób Płuc,nauki medyczne,A
213,Instytut Hematologii i Transfuzjologii,nauki medyczne,A
Lp.,Nazwa Podmiotu,Dyscyplina,,Kategoria naukowa
"",Instytut Historii Nauki imienia Ludwika i Aleksandra,,,
215,historia,,,B+
"",Birkenmajerów Polskiej Akademii Nauk,,,
"",Instytut Hodowli i Aklimatyzacji Roślin - Państwowy Instytut,,,
216,rolnictwo i ogrodnictwo,,,B+
"",Badawczy,,,
"",Instytut Immunologii i Terapii Doświadczalnej im. Ludwika,,,
217,nauki biologiczne,,,A
"",Hirszfelda Polskiej Akademii Nauk,,,
"",Instytut Immunologii i Terapii Doświadczalnej im. Ludwika,,,
218,nauki medyczne,,,A+
"",Hirszfelda Polskiej Akademii Nauk,,,
"",Instytut Informatyki Teoretycznej i Stosowanej Polskiej Akademii informatyka techniczna i,,,
219,,,,A
"",Nauk telekomunikacja,,,
220,Instytut Inżynierii Chemicznej Polskiej Akademii Nauk inżynieria chemiczna,,,B+
221,Instytut Języka Polskiego Polskiej Akademii Nauk językoznawstwo,,,A
"",Instytut Katalizy i Fizykochemii Powierzchni im. Jerzego Habera,,,
222,nauki chemiczne,,,B+
"",Polskiej Akademii Nauk,,,
223,Instytut Kolejnictwa inżynieria lądowa i transport,,,C
"",Instytut Kultur Śródziemnomorskich i Orientalnych Polskiej,,,
224,archeologia,,,B+
"",Akademii Nauk,,,
"",Instytut Kultur Śródziemnomorskich i Orientalnych Polskiej,,,
225,nauki o kulturze i religii,,,B+
"",Akademii Nauk,,,
"",informatyka techniczna i,,,
226,Instytut Łączności - Państwowy Instytut Badawczy,,,B+
"",telekomunikacja,,,
"",Instytut Maszyn Przepływowych im. Roberta Szewalskiego,,,
227,inżynieria mechaniczna,,,A
"",Polskiej Akademii Nauk,,,
228,Instytut Matematyczny Polskiej Akademii Nauk matematyka,,,A+
229,Instytut Matki i Dziecka nauki medyczne,,,A
"","inżynieria środowiska, górnictwo i",,,
230,Instytut Mechaniki Górotworu Polskiej Akademii Nauk,,,A
"",energetyka,,,
"",Instytut Medycyny Doświadczalnej i Klinicznej im. Mirosława,,,
231,nauki medyczne,,,A
"",Mossakowskiego Polskiej Akademii Nauk,,,
232,Instytut Medycyny Pracy im. prof. dr. med. Jerzego Nofera nauki o zdrowiu,,,A
233,Instytut Medycyny Wsi im. Witolda Chodźki nauki medyczne,,,A
234,Instytut Medycyny Wsi im. Witolda Chodźki nauki o zdrowiu,,,B+
"",Instytut Metalurgii i Inżynierii Materiałowej im. Aleksandra,,,
235,inżynieria materiałowa,,,B+
"",Krupkowskiego Polskiej Akademii Nauk,,,
"","Instytut Meteorologii i Gospodarki Wodnej - Państwowy Instytut inżynieria środowiska, górnictwo i",,,
236,,,,B+
"",Badawczy energetyka,,,
"",Instytut Meteorologii i Gospodarki Wodnej - Państwowy Instytut,,,
237,nauki o Ziemi i środowisku,,,B+
"",Badawczy,,,
"","inżynieria środowiska, górnictwo i",,,
238,Instytut Nafty i Gazu - Państwowy Instytut Badawczy,,,B+
"",energetyka,,,
239,Instytut Nauk Ekonomicznych Polskiej Akademii Nauk ekonomia i finanse,,,B+
240,Instytut Nauk Geologicznych Polskiej Akademii Nauk nauki o Ziemi i środowisku,,,A
241,Instytut Nauk Prawnych Polskiej Akademii Nauk nauki prawne,,,B+
"",Instytut Niskich Temperatur i Badań Strukturalnych im.,,,
242,nauki chemiczne,,,A
"",Włodzimierza Trzebiatowskiego Polskiej Akademii Nauk,,,
"",Instytut Niskich Temperatur i Badań Strukturalnych im.,,,
243,nauki fizyczne,,,A
"",Włodzimierza Trzebiatowskiego Polskiej Akademii Nauk,,,
244,Instytut Oceanologii Polskiej Akademii Nauk nauki o Ziemi i środowisku,,,A
245,Instytut Ochrony Przyrody Polskiej Akademii Nauk nauki biologiczne,,,B+
Lp.,Nazwa Podmiotu,Dyscyplina,Kategoria naukowa
246,Instytut Ochrony Roślin - Państwowy Instytut Badawczy,rolnictwo i ogrodnictwo,A
247,Instytut Ochrony Środowiska - Państwowy Instytut Badawczy,"inżynieria środowiska, górnictwo ienergetyka",A
248,Instytut Ogrodnictwa - Państwowy Instytut Badawczy,rolnictwo i ogrodnictwo,B+
249,"Instytut Paleobiologii im. Romana Kozłowskiego PolskiejAkademii Nauk",nauki o Ziemi i środowisku,B+
250,"Instytut Parazytologii im. Witolda Stefańskiego PolskiejAkademii Nauk",nauki biologiczne,C
251,Instytut Podstaw Informatyki Polskiej Akademii Nauk,"informatyka techniczna itelekomunikacja",A
252,Instytut Podstaw Informatyki Polskiej Akademii Nauk,językoznawstwo,A
253,Instytut Podstaw Inżynierii Środowiska Polskiej Akademii Nauk,"inżynieria środowiska, górnictwo ienergetyka",B+
254,"Instytut Podstawowych Problemów Techniki Polskiej AkademiiNauk","informatyka techniczna itelekomunikacja",A
255,"Instytut Podstawowych Problemów Techniki Polskiej AkademiiNauk",inżynieria biomedyczna,B+
256,"Instytut Podstawowych Problemów Techniki Polskiej AkademiiNauk",inżynieria materiałowa,B+
257,"Instytut Podstawowych Problemów Techniki Polskiej AkademiiNauk",inżynieria mechaniczna,A+
258,Instytut Pracy i Spraw Socjalnych,ekonomia i finanse,B+
259,Instytut Psychiatrii i Neurologii,nauki medyczne,B+
260,Instytut Psychologii Polskiej Akademii Nauk,psychologia,A+
261,"Instytut Rozrodu Zwierząt i Badań Żywności Polskiej AkademiiNauk",technologia żywności i żywienia,A+
262,"Instytut Rozrodu Zwierząt i Badań Żywności Polskiej AkademiiNauk",zootechnika i rybactwo,A
263,Instytut Rozwoju Miast i Regionów,architektura i urbanistyka,B
264,Instytut Rozwoju Miast i Regionów,"geografia społeczno-ekonomiczna igospodarka przestrzenna",B
265,Instytut Rozwoju Wsi i Rolnictwa Polskiej Akademii Nauk,ekonomia i finanse,A
266,Instytut Rybactwa Śródlądowego im. Stanisława Sakowicza,zootechnika i rybactwo,A
267,Instytut Slawistyki Polskiej Akademii Nauk,językoznawstwo,A
268,Instytut Slawistyki Polskiej Akademii Nauk,nauki o kulturze i religii,A+
269,Instytut Sportu - Państwowy Instytut Badawczy,nauki o kulturze fizycznej,B+
270,Instytut Studiów Politycznych Polskiej Akademii Nauk,historia,A
271,Instytut Studiów Politycznych Polskiej Akademii Nauk,nauki o polityce i administracji,B+
272,Instytut Studiów Politycznych Polskiej Akademii Nauk,nauki socjologiczne,B+
273,Instytut Systematyki i Ewolucji Zwierząt Polskiej Akademii Nauk,nauki biologiczne,B+
274,Instytut Sztuki Polskiej Akademii Nauk,nauki o sztuce,A+
275,"Instytut Środowiska Rolniczego i Leśnego Polskiej AkademiiNauk",rolnictwo i ogrodnictwo,C
Lp.,Nazwa Podmiotu,Dyscyplina,Kategoria naukowa
277,Instytut Techniki Budowlanej,inżynieria lądowa i transport,A
278,Instytut Techniki Górniczej KOMAG,"automatyka, elektronika ielektrotechnika",A
279,Instytut Techniki Górniczej KOMAG,inżynieria mechaniczna,A
280,Instytut Techniki Górniczej KOMAG,"inżynieria środowiska, górnictwo ienergetyka",A
281,"Instytut Technologiczno-Przyrodniczy - Państwowy InstytutBadawczy","inżynieria środowiska, górnictwo ienergetyka",B+
282,"Instytut Technologiczno-Przyrodniczy - Państwowy InstytutBadawczy",rolnictwo i ogrodnictwo,B+
283,Instytut Technologii Bezpieczeństwa MORATEX,inżynieria materiałowa,B
284,Instytut Transportu Samochodowego,inżynieria lądowa i transport,B+
285,"Instytut Uprawy Nawożenia i Gleboznawstwa - PaństwowyInstytut Badawczy",rolnictwo i ogrodnictwo,A
286,"Instytut Włókien Naturalnych i Roślin Zielarskich - PaństwowyInstytut Badawczy",rolnictwo i ogrodnictwo,A
287,Instytut Wysokich Ciśnień Polskiej Akademii Nauk,inżynieria materiałowa,A
288,Instytut Wysokich Ciśnień Polskiej Akademii Nauk,nauki fizyczne,A
289,Instytut Wzornictwa Przemysłowego Sp. z o.o.,"sztuki plastyczne i konserwacja dziełsztuki",A
290,Instytut Zootechniki - Państwowy Instytut Badawczy,zootechnika i rybactwo,A+
291,Karpacka Państwowa Uczelnia w Krośnie,nauki o zarządzaniu i jakości,C
292,Katolicki Uniwersytet Lubelski Jana Pawła II w Lublinie,ekonomia i finanse,B
293,Katolicki Uniwersytet Lubelski Jana Pawła II w Lublinie,filozofia,A
294,Katolicki Uniwersytet Lubelski Jana Pawła II w Lublinie,historia,B+
295,Katolicki Uniwersytet Lubelski Jana Pawła II w Lublinie,językoznawstwo,A
296,Katolicki Uniwersytet Lubelski Jana Pawła II w Lublinie,literaturoznawstwo,A
297,Katolicki Uniwersytet Lubelski Jana Pawła II w Lublinie,nauki biologiczne,B+
298,Katolicki Uniwersytet Lubelski Jana Pawła II w Lublinie,nauki o polityce i administracji,B+
299,Katolicki Uniwersytet Lubelski Jana Pawła II w Lublinie,nauki o sztuce,B+
300,Katolicki Uniwersytet Lubelski Jana Pawła II w Lublinie,nauki prawne,B+
301,Katolicki Uniwersytet Lubelski Jana Pawła II w Lublinie,nauki socjologiczne,B+
302,Katolicki Uniwersytet Lubelski Jana Pawła II w Lublinie,nauki teologiczne,A+
303,Katolicki Uniwersytet Lubelski Jana Pawła II w Lublinie,pedagogika,A
304,Katolicki Uniwersytet Lubelski Jana Pawła II w Lublinie,prawo kanoniczne,A+
305,Katolicki Uniwersytet Lubelski Jana Pawła II w Lublinie,psychologia,B+
306,Kolegium Jagiellońskie – Toruńska Szkoła Wyższa,nauki o polityce i administracji,B+
Lp.,Nazwa Podmiotu,Dyscyplina,Kategoria naukowa
308,"Krakowska Akademia im. Andrzeja Frycza Modrzewskiego wKrakowie",architektura i urbanistyka,B+
309,"Krakowska Akademia im. Andrzeja Frycza Modrzewskiego wKrakowie",nauki medyczne,B+
310,"Krakowska Akademia im. Andrzeja Frycza Modrzewskiego wKrakowie",nauki o bezpieczeństwie,C
311,"Krakowska Akademia im. Andrzeja Frycza Modrzewskiego wKrakowie",nauki o polityce i administracji,C
312,"Krakowska Akademia im. Andrzeja Frycza Modrzewskiego wKrakowie",nauki o zarządzaniu i jakości,C
313,"Krakowska Akademia im. Andrzeja Frycza Modrzewskiego wKrakowie",nauki o zdrowiu,B
314,"Krakowska Akademia im. Andrzeja Frycza Modrzewskiego wKrakowie",nauki prawne,B+
315,"Krakowska Akademia im. Andrzeja Frycza Modrzewskiego wKrakowie",pedagogika,C
316,"Krakowska Akademia im. Andrzeja Frycza Modrzewskiego wKrakowie",psychologia,B
317,Kujawsko-Pomorska Szkoła Wyższa w Bydgoszczy,nauki o kulturze i religii,B
318,Kujawsko-Pomorska Szkoła Wyższa w Bydgoszczy,nauki prawne,B+
319,"Małopolska Wyższa Szkoła Ekonomiczna z siedzibą wTarnowie",nauki o zarządzaniu i jakości,B
320,Mazowiecka Uczelnia Publiczna w Płocku,nauki o polityce i administracji,B+
321,Mazowiecka Uczelnia Publiczna w Płocku,nauki o zdrowiu,C
322,Mazowiecka Uczelnia Publiczna w Płocku,pedagogika,B
323,"Międzynarodowa Wyższa Szkoła Logistyki i Transportu weWrocławiu",nauki o zarządzaniu i jakości,B
324,"Międzynarodowy Instytut Biologii Molekularnej i Komórkowej wWarszawie",nauki biologiczne,A+
325,"Międzynarodowy Instytut Mechanizmów i MaszynMolekularnych Polskiej Akademii Nauk - IMol",nauki biologiczne,C
326,Morski Instytut Rybacki - Państwowy Instytut Badawczy,zootechnika i rybactwo,A
327,Muzeum i Instytut Zoologii Polskiej Akademii Nauk,nauki biologiczne,B+
328,Narodowe Centrum Badań Jądrowych,"automatyka, elektronika ielektrotechnika",C
329,Narodowe Centrum Badań Jądrowych,inżynieria materiałowa,B
330,Narodowe Centrum Badań Jądrowych,"inżynieria środowiska, górnictwo ienergetyka",B+
331,Narodowe Centrum Badań Jądrowych,nauki farmaceutyczne,C
332,Narodowe Centrum Badań Jądrowych,nauki fizyczne,A
333,"Narodowy Instytut Geriatrii, Reumatologii i Rehabilitacji im. prof.dr hab. med. Eleonory Reicher",nauki medyczne,A
334,"Narodowy Instytut Kardiologii Stefana Kardynała Wyszyńskiego– Państwowy Instytut Badawczy",nauki medyczne,A
335,Narodowy Instytut Leków,nauki farmaceutyczne,B+
336,Narodowy Instytut Leków,nauki medyczne,A
337,"Narodowy Instytut Onkologii im. Marii Skłodowskiej-Curie –Państwowy Instytut Badawczy",nauki medyczne,A
Lp.,Nazwa Podmiotu,Dyscyplina,Kategoria naukowa
339,"Naukowa i Akademicka Sieć Komputerowa - PaństwowyInstytut Badawczy","informatyka techniczna itelekomunikacja",A
340,"Ośrodek Przetwarzania Informacji — Państwowy InstytutBadawczy","informatyka techniczna itelekomunikacja",B+
341,"Ośrodek Przetwarzania Informacji — Państwowy InstytutBadawczy",nauki socjologiczne,A
342,"Państwowa Wyższa Szkoła Filmowa, Telewizyjna i Teatralnaim. Leona Schillera w Łodzi",nauki o sztuce,B
343,"Państwowa Wyższa Szkoła Filmowa, Telewizyjna i Teatralnaim. Leona Schillera w Łodzi",sztuki filmowe i teatralne,A
344,"Państwowa Wyższa Szkoła Filmowa, Telewizyjna i Teatralnaim. Leona Schillera w Łodzi","sztuki plastyczne i konserwacja dziełsztuki",B
345,"Państwowy Instytut Geologiczny - Państwowy InstytutBadawczy",nauki o Ziemi i środowisku,B+
346,"Państwowy Instytut Weterynaryjny - Państwowy InstytutBadawczy",weterynaria,A
347,Papieski Wydział Teologiczny we Wrocławiu,nauki teologiczne,A
348,Politechnika Białostocka,architektura i urbanistyka,B
349,Politechnika Białostocka,"automatyka, elektronika ielektrotechnika",B+
350,Politechnika Białostocka,"informatyka techniczna itelekomunikacja",B+
351,Politechnika Białostocka,inżynieria biomedyczna,B+
352,Politechnika Białostocka,inżynieria lądowa i transport,B+
353,Politechnika Białostocka,inżynieria mechaniczna,A
354,Politechnika Białostocka,"inżynieria środowiska, górnictwo ienergetyka",B+
355,Politechnika Białostocka,nauki leśne,B+
356,Politechnika Białostocka,nauki o zarządzaniu i jakości,A
357,Politechnika Białostocka,"sztuki plastyczne i konserwacja dziełsztuki",B
358,Politechnika Bydgoska im. Jana i Jędrzeja Śniadeckich,"automatyka, elektronika ielektrotechnika",B+
359,Politechnika Bydgoska im. Jana i Jędrzeja Śniadeckich,"informatyka techniczna itelekomunikacja",B+
360,Politechnika Bydgoska im. Jana i Jędrzeja Śniadeckich,inżynieria chemiczna,B+
361,Politechnika Bydgoska im. Jana i Jędrzeja Śniadeckich,inżynieria lądowa i transport,B+
362,Politechnika Bydgoska im. Jana i Jędrzeja Śniadeckich,inżynieria mechaniczna,B+
363,Politechnika Bydgoska im. Jana i Jędrzeja Śniadeckich,nauki chemiczne,B+
364,Politechnika Bydgoska im. Jana i Jędrzeja Śniadeckich,nauki o zarządzaniu i jakości,B+
365,Politechnika Bydgoska im. Jana i Jędrzeja Śniadeckich,rolnictwo i ogrodnictwo,A
366,Politechnika Bydgoska im. Jana i Jędrzeja Śniadeckich,"sztuki plastyczne i konserwacja dziełsztuki",B+
367,Politechnika Bydgoska im. Jana i Jędrzeja Śniadeckich,zootechnika i rybactwo,A
368,Politechnika Częstochowska,"automatyka, elektronika ielektrotechnika",B+
Lp.,Nazwa Podmiotu,Dyscyplina,Kategoria naukowa
370,Politechnika Częstochowska,inżynieria lądowa i transport,B
371,Politechnika Częstochowska,inżynieria materiałowa,B+
372,Politechnika Częstochowska,inżynieria mechaniczna,B+
373,Politechnika Częstochowska,"inżynieria środowiska, górnictwo ienergetyka",B+
374,Politechnika Częstochowska,nauki o zarządzaniu i jakości,B+
375,Politechnika Gdańska,architektura i urbanistyka,A+
376,Politechnika Gdańska,"automatyka, elektronika ielektrotechnika",A+
377,Politechnika Gdańska,ekonomia i finanse,A
378,Politechnika Gdańska,"informatyka techniczna itelekomunikacja",B+
379,Politechnika Gdańska,inżynieria biomedyczna,A
380,Politechnika Gdańska,inżynieria chemiczna,A
381,Politechnika Gdańska,inżynieria lądowa i transport,B+
382,Politechnika Gdańska,inżynieria materiałowa,A
383,Politechnika Gdańska,inżynieria mechaniczna,A
384,Politechnika Gdańska,"inżynieria środowiska, górnictwo ienergetyka",A
385,Politechnika Gdańska,matematyka,A
386,Politechnika Gdańska,nauki chemiczne,A+
387,Politechnika Gdańska,nauki fizyczne,B+
388,Politechnika Gdańska,nauki o zarządzaniu i jakości,A
389,Politechnika Koszalińska,"automatyka, elektronika ielektrotechnika",B+
390,Politechnika Koszalińska,ekonomia i finanse,B+
391,Politechnika Koszalińska,inżynieria lądowa i transport,B
392,Politechnika Koszalińska,inżynieria mechaniczna,A
393,Politechnika Koszalińska,nauki o polityce i administracji,B+
394,Politechnika Koszalińska,"sztuki plastyczne i konserwacja dziełsztuki",C
395,Politechnika Krakowska im. Tadeusza Kościuszki,architektura i urbanistyka,A
396,Politechnika Krakowska im. Tadeusza Kościuszki,"automatyka, elektronika ielektrotechnika",A
397,Politechnika Krakowska im. Tadeusza Kościuszki,"informatyka techniczna itelekomunikacja",B+
398,Politechnika Krakowska im. Tadeusza Kościuszki,inżynieria chemiczna,A
399,Politechnika Krakowska im. Tadeusza Kościuszki,inżynieria lądowa i transport,A
Lp.,Nazwa Podmiotu,Dyscyplina,Kategoria naukowa
401,Politechnika Krakowska im. Tadeusza Kościuszki,inżynieria mechaniczna,A
402,Politechnika Krakowska im. Tadeusza Kościuszki,"inżynieria środowiska, górnictwo ienergetyka",A
403,Politechnika Lubelska,architektura i urbanistyka,B+
404,Politechnika Lubelska,"automatyka, elektronika ielektrotechnika",A
405,Politechnika Lubelska,"informatyka techniczna itelekomunikacja",A
406,Politechnika Lubelska,inżynieria lądowa i transport,A+
407,Politechnika Lubelska,inżynieria mechaniczna,A+
408,Politechnika Lubelska,"inżynieria środowiska, górnictwo ienergetyka",B+
409,Politechnika Lubelska,nauki o zarządzaniu i jakości,B+
410,Politechnika Łódzka,architektura i urbanistyka,C
411,Politechnika Łódzka,"automatyka, elektronika ielektrotechnika",B+
412,Politechnika Łódzka,"informatyka techniczna itelekomunikacja",A
413,Politechnika Łódzka,inżynieria chemiczna,A
414,Politechnika Łódzka,inżynieria lądowa i transport,B+
415,Politechnika Łódzka,inżynieria materiałowa,A
416,Politechnika Łódzka,inżynieria mechaniczna,A
417,Politechnika Łódzka,matematyka,A
418,Politechnika Łódzka,nauki chemiczne,A
419,Politechnika Łódzka,nauki fizyczne,B+
420,Politechnika Łódzka,nauki o zarządzaniu i jakości,B+
421,Politechnika Łódzka,technologia żywności i żywienia,A
422,Politechnika Opolska,architektura i urbanistyka,B+
423,Politechnika Opolska,"automatyka, elektronika ielektrotechnika",B+
424,Politechnika Opolska,ekonomia i finanse,A
425,Politechnika Opolska,"informatyka techniczna itelekomunikacja",B+
426,Politechnika Opolska,inżynieria lądowa i transport,B+
427,Politechnika Opolska,inżynieria mechaniczna,B+
428,Politechnika Opolska,"inżynieria środowiska, górnictwo ienergetyka",A
429,Politechnika Opolska,nauki o kulturze fizycznej,B+
430,Politechnika Opolska,nauki o zarządzaniu i jakości,B+
Lp.,Nazwa Podmiotu,Dyscyplina,Kategoria naukowa
432,Politechnika Poznańska,architektura i urbanistyka,B+
433,Politechnika Poznańska,"automatyka, elektronika ielektrotechnika",A
434,Politechnika Poznańska,"informatyka techniczna itelekomunikacja",B+
435,Politechnika Poznańska,inżynieria lądowa i transport,A
436,Politechnika Poznańska,inżynieria materiałowa,A+
437,Politechnika Poznańska,inżynieria mechaniczna,B+
438,Politechnika Poznańska,"inżynieria środowiska, górnictwo ienergetyka",A
439,Politechnika Poznańska,nauki chemiczne,A
440,Politechnika Poznańska,nauki o zarządzaniu i jakości,B+
441,Politechnika Rzeszowska im. Ignacego Łukasiewicza,architektura i urbanistyka,A
442,Politechnika Rzeszowska im. Ignacego Łukasiewicza,"automatyka, elektronika ielektrotechnika",B
443,Politechnika Rzeszowska im. Ignacego Łukasiewicza,ekonomia i finanse,B+
444,Politechnika Rzeszowska im. Ignacego Łukasiewicza,"informatyka techniczna itelekomunikacja",B+
445,Politechnika Rzeszowska im. Ignacego Łukasiewicza,inżynieria chemiczna,B+
446,Politechnika Rzeszowska im. Ignacego Łukasiewicza,inżynieria lądowa i transport,B+
447,Politechnika Rzeszowska im. Ignacego Łukasiewicza,inżynieria materiałowa,B+
448,Politechnika Rzeszowska im. Ignacego Łukasiewicza,inżynieria mechaniczna,B+
449,Politechnika Rzeszowska im. Ignacego Łukasiewicza,"inżynieria środowiska, górnictwo ienergetyka",B+
450,Politechnika Rzeszowska im. Ignacego Łukasiewicza,matematyka,B
451,Politechnika Rzeszowska im. Ignacego Łukasiewicza,nauki fizyczne,B+
452,Politechnika Rzeszowska im. Ignacego Łukasiewicza,nauki o bezpieczeństwie,B+
453,Politechnika Rzeszowska im. Ignacego Łukasiewicza,nauki o zarządzaniu i jakości,B+
454,Politechnika Śląska,architektura i urbanistyka,B
455,Politechnika Śląska,"automatyka, elektronika ielektrotechnika",B+
456,Politechnika Śląska,"informatyka techniczna itelekomunikacja",B+
457,Politechnika Śląska,inżynieria biomedyczna,B+
458,Politechnika Śląska,inżynieria chemiczna,A
459,Politechnika Śląska,inżynieria lądowa i transport,A
460,Politechnika Śląska,inżynieria materiałowa,B+
461,Politechnika Śląska,inżynieria mechaniczna,B+
Lp.,Nazwa Podmiotu,Dyscyplina,Kategoria naukowa
463,Politechnika Śląska,nauki chemiczne,A
464,Politechnika Śląska,nauki o zarządzaniu i jakości,B+
465,Politechnika Śląska,nauki o Ziemi i środowisku,A
466,Politechnika Świętokrzyska,"automatyka, elektronika ielektrotechnika",B+
467,Politechnika Świętokrzyska,inżynieria lądowa i transport,A
468,Politechnika Świętokrzyska,inżynieria mechaniczna,A
469,Politechnika Świętokrzyska,"inżynieria środowiska, górnictwo ienergetyka",B
470,Politechnika Świętokrzyska,nauki o zarządzaniu i jakości,B+
471,Politechnika Warszawska,architektura i urbanistyka,B+
472,Politechnika Warszawska,"automatyka, elektronika ielektrotechnika",A
473,Politechnika Warszawska,filozofia,A
474,Politechnika Warszawska,"informatyka techniczna itelekomunikacja",A
475,Politechnika Warszawska,inżynieria biomedyczna,B+
476,Politechnika Warszawska,inżynieria chemiczna,B+
477,Politechnika Warszawska,inżynieria lądowa i transport,B+
478,Politechnika Warszawska,inżynieria materiałowa,A
479,Politechnika Warszawska,inżynieria mechaniczna,B+
480,Politechnika Warszawska,"inżynieria środowiska, górnictwo ienergetyka",A
481,Politechnika Warszawska,matematyka,A
482,Politechnika Warszawska,nauki chemiczne,A
483,Politechnika Warszawska,nauki fizyczne,B+
484,Politechnika Warszawska,nauki o zarządzaniu i jakości,B+
485,Politechnika Warszawska,nauki prawne,A+
486,Politechnika Wrocławska,architektura i urbanistyka,B+
487,Politechnika Wrocławska,"automatyka, elektronika ielektrotechnika",B+
488,Politechnika Wrocławska,"informatyka techniczna itelekomunikacja",B+
489,Politechnika Wrocławska,inżynieria biomedyczna,A
490,Politechnika Wrocławska,inżynieria chemiczna,A
491,Politechnika Wrocławska,inżynieria lądowa i transport,B+
492,Politechnika Wrocławska,inżynieria materiałowa,A
Lp.,Nazwa Podmiotu,Dyscyplina,Kategoria naukowa
494,Politechnika Wrocławska,"inżynieria środowiska, górnictwo ienergetyka",B+
495,Politechnika Wrocławska,matematyka,A+
496,Politechnika Wrocławska,nauki chemiczne,A
497,Politechnika Wrocławska,nauki fizyczne,A+
498,Politechnika Wrocławska,nauki o zarządzaniu i jakości,A
499,Polsko-Japońska Akademia Technik Komputerowych,"informatyka techniczna itelekomunikacja",A
500,Polsko-Japońska Akademia Technik Komputerowych,"sztuki plastyczne i konserwacja dziełsztuki",B+
501,Poltegor-Instytut Instytut Górnictwa Odkrywkowego,"inżynieria środowiska, górnictwo ienergetyka",B+
502,Pomorski Uniwersytet Medyczny w Szczecinie,nauki farmaceutyczne,A
503,Pomorski Uniwersytet Medyczny w Szczecinie,nauki medyczne,B+
504,Pomorski Uniwersytet Medyczny w Szczecinie,nauki o zdrowiu,B+
505,"Poznański Park Naukowo-Technologiczny FundacjiUniwersytetu im. A. Mickiewicza",nauki chemiczne,B+
506,Sopocka Akademia Nauk Stosowanych,ekonomia i finanse,C
507,Społeczna Akademia Nauk z siedzibą w Łodzi,"informatyka techniczna itelekomunikacja",A
508,Społeczna Akademia Nauk z siedzibą w Łodzi,nauki o zarządzaniu i jakości,B+
509,"SWPS Uniwersytet Humanistycznospołeczny z siedzibą wWarszawie",literaturoznawstwo,A
510,"SWPS Uniwersytet Humanistycznospołeczny z siedzibą wWarszawie",nauki o kulturze i religii,A
511,"SWPS Uniwersytet Humanistycznospołeczny z siedzibą wWarszawie",nauki o polityce i administracji,A
512,"SWPS Uniwersytet Humanistycznospołeczny z siedzibą wWarszawie",nauki prawne,B+
513,"SWPS Uniwersytet Humanistycznospołeczny z siedzibą wWarszawie",nauki socjologiczne,A
514,"SWPS Uniwersytet Humanistycznospołeczny z siedzibą wWarszawie",psychologia,A+
515,"SWPS Uniwersytet Humanistycznospołeczny z siedzibą wWarszawie","sztuki plastyczne i konserwacja dziełsztuki",A
516,Szkoła Główna Gospodarstwa Wiejskiego w Warszawie,ekonomia i finanse,B+
517,Szkoła Główna Gospodarstwa Wiejskiego w Warszawie,"informatyka techniczna itelekomunikacja",B
518,Szkoła Główna Gospodarstwa Wiejskiego w Warszawie,inżynieria lądowa i transport,B+
519,Szkoła Główna Gospodarstwa Wiejskiego w Warszawie,inżynieria mechaniczna,B+
520,Szkoła Główna Gospodarstwa Wiejskiego w Warszawie,"inżynieria środowiska, górnictwo ienergetyka",B+
521,Szkoła Główna Gospodarstwa Wiejskiego w Warszawie,nauki biologiczne,B+
522,Szkoła Główna Gospodarstwa Wiejskiego w Warszawie,nauki leśne,B+
523,Szkoła Główna Gospodarstwa Wiejskiego w Warszawie,nauki o zarządzaniu i jakości,A
Lp.,Nazwa Podmiotu,Dyscyplina,Kategoria naukowa
525,Szkoła Główna Gospodarstwa Wiejskiego w Warszawie,pedagogika,B+
526,Szkoła Główna Gospodarstwa Wiejskiego w Warszawie,rolnictwo i ogrodnictwo,B+
527,Szkoła Główna Gospodarstwa Wiejskiego w Warszawie,technologia żywności i żywienia,B+
528,Szkoła Główna Gospodarstwa Wiejskiego w Warszawie,weterynaria,B+
529,Szkoła Główna Gospodarstwa Wiejskiego w Warszawie,zootechnika i rybactwo,B+
530,Szkoła Główna Handlowa w Warszawie,ekonomia i finanse,B+
531,Szkoła Główna Handlowa w Warszawie,nauki o polityce i administracji,B+
532,Szkoła Główna Handlowa w Warszawie,nauki o zarządzaniu i jakości,B+
533,Szkoła Główna Handlowa w Warszawie,nauki prawne,B+
534,Szkoła Główna Służby Pożarniczej,"inżynieria środowiska, górnictwo ienergetyka",A
535,Szkoła Główna Służby Pożarniczej,nauki o bezpieczeństwie,A+
536,Szkoła Wyższa Wymiaru Sprawiedliwości,nauki o bezpieczeństwie,A
537,Szkoła Wyższa Wymiaru Sprawiedliwości,pedagogika,A
538,Śląski Uniwersytet Medyczny w Katowicach,nauki farmaceutyczne,B+
539,Śląski Uniwersytet Medyczny w Katowicach,nauki medyczne,B+
540,Śląski Uniwersytet Medyczny w Katowicach,nauki o zdrowiu,B+
541,Uczelnia Łazarskiego w Warszawie,ekonomia i finanse,B+
542,Uczelnia Łazarskiego w Warszawie,nauki medyczne,B+
543,Uczelnia Łazarskiego w Warszawie,nauki o polityce i administracji,B+
544,Uczelnia Łazarskiego w Warszawie,nauki prawne,A
545,"Uniwersytet Artystyczny im. Magdaleny Abakanowicz wPoznaniu",nauki o sztuce,B+
546,"Uniwersytet Artystyczny im. Magdaleny Abakanowicz wPoznaniu","sztuki plastyczne i konserwacja dziełsztuki",B+
547,Uniwersytet Ekonomiczny w Katowicach,ekonomia i finanse,B+
548,Uniwersytet Ekonomiczny w Katowicach,nauki o zarządzaniu i jakości,B+
549,Uniwersytet Ekonomiczny w Krakowie,ekonomia i finanse,B+
550,Uniwersytet Ekonomiczny w Krakowie,"geografia społeczno-ekonomiczna igospodarka przestrzenna",B+
551,Uniwersytet Ekonomiczny w Krakowie,nauki o polityce i administracji,B+
552,Uniwersytet Ekonomiczny w Krakowie,nauki o zarządzaniu i jakości,B+
553,Uniwersytet Ekonomiczny w Krakowie,nauki prawne,B+
554,Uniwersytet Ekonomiczny w Poznaniu,ekonomia i finanse,B+
Lp.,Nazwa Podmiotu,Dyscyplina,Kategoria naukowa
556,Uniwersytet Ekonomiczny we Wrocławiu,ekonomia i finanse,B+
557,Uniwersytet Ekonomiczny we Wrocławiu,nauki o zarządzaniu i jakości,B+
558,Uniwersytet Ekonomiczny we Wrocławiu,technologia żywności i żywienia,B
559,Uniwersytet Gdański,archeologia,B
560,Uniwersytet Gdański,ekonomia i finanse,B+
561,Uniwersytet Gdański,filozofia,B+
562,Uniwersytet Gdański,"geografia społeczno-ekonomiczna igospodarka przestrzenna",B+
563,Uniwersytet Gdański,historia,B+
564,Uniwersytet Gdański,informatyka,B
565,Uniwersytet Gdański,językoznawstwo,B+
566,Uniwersytet Gdański,literaturoznawstwo,B+
567,Uniwersytet Gdański,matematyka,B+
568,Uniwersytet Gdański,nauki biologiczne,B+
569,Uniwersytet Gdański,nauki chemiczne,B+
570,Uniwersytet Gdański,nauki fizyczne,A
571,Uniwersytet Gdański,nauki o kulturze i religii,B+
572,Uniwersytet Gdański,nauki o polityce i administracji,B
573,Uniwersytet Gdański,nauki o sztuce,A
574,Uniwersytet Gdański,nauki o zarządzaniu i jakości,B
575,Uniwersytet Gdański,nauki o Ziemi i środowisku,B
576,Uniwersytet Gdański,nauki prawne,A
577,Uniwersytet Gdański,nauki socjologiczne,A
578,Uniwersytet Gdański,pedagogika,B+
579,Uniwersytet Gdański,psychologia,A
580,"Uniwersytet Humanistyczno-Przyrodniczy im. Jana Długosza wCzęstochowie",filozofia,B
581,"Uniwersytet Humanistyczno-Przyrodniczy im. Jana Długosza wCzęstochowie",historia,A
582,"Uniwersytet Humanistyczno-Przyrodniczy im. Jana Długosza wCzęstochowie",językoznawstwo,B+
583,"Uniwersytet Humanistyczno-Przyrodniczy im. Jana Długosza wCzęstochowie",literaturoznawstwo,A
584,"Uniwersytet Humanistyczno-Przyrodniczy im. Jana Długosza wCzęstochowie",nauki chemiczne,A
585,"Uniwersytet Humanistyczno-Przyrodniczy im. Jana Długosza wCzęstochowie",nauki fizyczne,B+
Lp.,Nazwa Podmiotu,Dyscyplina,Kategoria naukowa
587,"Uniwersytet Humanistyczno-Przyrodniczy im. Jana Długosza wCzęstochowie",nauki o kulturze fizycznej,B+
588,"Uniwersytet Humanistyczno-Przyrodniczy im. Jana Długosza wCzęstochowie",nauki o zdrowiu,B+
589,"Uniwersytet Humanistyczno-Przyrodniczy im. Jana Długosza wCzęstochowie",nauki prawne,A
590,"Uniwersytet Humanistyczno-Przyrodniczy im. Jana Długosza wCzęstochowie",pedagogika,B+
591,"Uniwersytet Humanistyczno-Przyrodniczy im. Jana Długosza wCzęstochowie",sztuki muzyczne,B+
592,"Uniwersytet Humanistyczno-Przyrodniczy im. Jana Długosza wCzęstochowie","sztuki plastyczne i konserwacja dziełsztuki",B+
593,Uniwersytet im. Adama Mickiewicza w Poznaniu,archeologia,A+
594,Uniwersytet im. Adama Mickiewicza w Poznaniu,astronomia,A
595,Uniwersytet im. Adama Mickiewicza w Poznaniu,filozofia,A
596,Uniwersytet im. Adama Mickiewicza w Poznaniu,"geografia społeczno-ekonomiczna igospodarka przestrzenna",A
597,Uniwersytet im. Adama Mickiewicza w Poznaniu,historia,B+
598,Uniwersytet im. Adama Mickiewicza w Poznaniu,informatyka,B+
599,Uniwersytet im. Adama Mickiewicza w Poznaniu,inżynieria materiałowa,A
600,Uniwersytet im. Adama Mickiewicza w Poznaniu,językoznawstwo,A
601,Uniwersytet im. Adama Mickiewicza w Poznaniu,literaturoznawstwo,A
602,Uniwersytet im. Adama Mickiewicza w Poznaniu,matematyka,A
603,Uniwersytet im. Adama Mickiewicza w Poznaniu,nauki biologiczne,B+
604,Uniwersytet im. Adama Mickiewicza w Poznaniu,nauki chemiczne,B+
605,Uniwersytet im. Adama Mickiewicza w Poznaniu,nauki fizyczne,A
606,Uniwersytet im. Adama Mickiewicza w Poznaniu,"nauki o komunikacji społecznej imediach",A
607,Uniwersytet im. Adama Mickiewicza w Poznaniu,nauki o kulturze i religii,A+
608,Uniwersytet im. Adama Mickiewicza w Poznaniu,nauki o polityce i administracji,B+
609,Uniwersytet im. Adama Mickiewicza w Poznaniu,nauki o sztuce,B+
610,Uniwersytet im. Adama Mickiewicza w Poznaniu,nauki o Ziemi i środowisku,B+
611,Uniwersytet im. Adama Mickiewicza w Poznaniu,nauki prawne,B+
612,Uniwersytet im. Adama Mickiewicza w Poznaniu,nauki socjologiczne,A
613,Uniwersytet im. Adama Mickiewicza w Poznaniu,nauki teologiczne,B+
614,Uniwersytet im. Adama Mickiewicza w Poznaniu,pedagogika,B+
615,Uniwersytet im. Adama Mickiewicza w Poznaniu,psychologia,B+
616,Uniwersytet Jagielloński w Krakowie,archeologia,B+
Lp.,Nazwa Podmiotu,Dyscyplina,Kategoria naukowa
618,Uniwersytet Jagielloński w Krakowie,ekonomia i finanse,B+
619,Uniwersytet Jagielloński w Krakowie,filozofia,A
620,Uniwersytet Jagielloński w Krakowie,"geografia społeczno-ekonomiczna igospodarka przestrzenna",A
621,Uniwersytet Jagielloński w Krakowie,historia,B+
622,Uniwersytet Jagielloński w Krakowie,informatyka,A
623,Uniwersytet Jagielloński w Krakowie,"informatyka techniczna itelekomunikacja",B+
624,Uniwersytet Jagielloński w Krakowie,językoznawstwo,B+
625,Uniwersytet Jagielloński w Krakowie,literaturoznawstwo,B+
626,Uniwersytet Jagielloński w Krakowie,matematyka,A
627,Uniwersytet Jagielloński w Krakowie,nauki biologiczne,A
628,Uniwersytet Jagielloński w Krakowie,nauki chemiczne,A+
629,Uniwersytet Jagielloński w Krakowie,nauki farmaceutyczne,B+
630,Uniwersytet Jagielloński w Krakowie,nauki fizyczne,A+
631,Uniwersytet Jagielloński w Krakowie,nauki medyczne,B+
632,Uniwersytet Jagielloński w Krakowie,nauki o bezpieczeństwie,A+
633,Uniwersytet Jagielloński w Krakowie,"nauki o komunikacji społecznej imediach",B+
634,Uniwersytet Jagielloński w Krakowie,nauki o kulturze i religii,B+
635,Uniwersytet Jagielloński w Krakowie,nauki o polityce i administracji,B+
636,Uniwersytet Jagielloński w Krakowie,nauki o sztuce,A
637,Uniwersytet Jagielloński w Krakowie,nauki o zarządzaniu i jakości,B+
638,Uniwersytet Jagielloński w Krakowie,nauki o zdrowiu,B+
639,Uniwersytet Jagielloński w Krakowie,nauki o Ziemi i środowisku,B+
640,Uniwersytet Jagielloński w Krakowie,nauki prawne,A
641,Uniwersytet Jagielloński w Krakowie,nauki socjologiczne,B+
642,Uniwersytet Jagielloński w Krakowie,pedagogika,B+
643,Uniwersytet Jagielloński w Krakowie,psychologia,A+
644,Uniwersytet Jana Kochanowskiego w Kielcach,ekonomia i finanse,B
645,Uniwersytet Jana Kochanowskiego w Kielcach,"geografia społeczno-ekonomiczna igospodarka przestrzenna",B
646,Uniwersytet Jana Kochanowskiego w Kielcach,historia,B+
647,Uniwersytet Jana Kochanowskiego w Kielcach,językoznawstwo,B+
Lp.,Nazwa Podmiotu,Dyscyplina,Kategoria naukowa
649,Uniwersytet Jana Kochanowskiego w Kielcach,matematyka,B
650,Uniwersytet Jana Kochanowskiego w Kielcach,nauki biologiczne,B
651,Uniwersytet Jana Kochanowskiego w Kielcach,nauki chemiczne,A
652,Uniwersytet Jana Kochanowskiego w Kielcach,nauki fizyczne,B+
653,Uniwersytet Jana Kochanowskiego w Kielcach,nauki medyczne,B+
654,Uniwersytet Jana Kochanowskiego w Kielcach,nauki o bezpieczeństwie,B
655,Uniwersytet Jana Kochanowskiego w Kielcach,"nauki o komunikacji społecznej imediach",B+
656,Uniwersytet Jana Kochanowskiego w Kielcach,nauki o polityce i administracji,B
657,Uniwersytet Jana Kochanowskiego w Kielcach,nauki o zarządzaniu i jakości,B+
658,Uniwersytet Jana Kochanowskiego w Kielcach,nauki o zdrowiu,B+
659,Uniwersytet Jana Kochanowskiego w Kielcach,nauki o Ziemi i środowisku,B+
660,Uniwersytet Jana Kochanowskiego w Kielcach,nauki prawne,B
661,Uniwersytet Jana Kochanowskiego w Kielcach,pedagogika,B+
662,Uniwersytet Jana Kochanowskiego w Kielcach,psychologia,B
663,Uniwersytet Jana Kochanowskiego w Kielcach,sztuki muzyczne,B+
664,Uniwersytet Jana Kochanowskiego w Kielcach,"sztuki plastyczne i konserwacja dziełsztuki",A
665,Uniwersytet Kardynała Stefana Wyszyńskiego w Warszawie,archeologia,B+
666,Uniwersytet Kardynała Stefana Wyszyńskiego w Warszawie,ekonomia i finanse,B
667,Uniwersytet Kardynała Stefana Wyszyńskiego w Warszawie,filozofia,B+
668,Uniwersytet Kardynała Stefana Wyszyńskiego w Warszawie,historia,A
669,Uniwersytet Kardynała Stefana Wyszyńskiego w Warszawie,"informatyka techniczna itelekomunikacja",B+
670,Uniwersytet Kardynała Stefana Wyszyńskiego w Warszawie,językoznawstwo,B+
671,Uniwersytet Kardynała Stefana Wyszyńskiego w Warszawie,literaturoznawstwo,A
672,Uniwersytet Kardynała Stefana Wyszyńskiego w Warszawie,matematyka,B+
673,Uniwersytet Kardynała Stefana Wyszyńskiego w Warszawie,nauki biologiczne,B
674,Uniwersytet Kardynała Stefana Wyszyńskiego w Warszawie,nauki chemiczne,B+
675,Uniwersytet Kardynała Stefana Wyszyńskiego w Warszawie,nauki fizyczne,B+
676,Uniwersytet Kardynała Stefana Wyszyńskiego w Warszawie,"nauki o komunikacji społecznej imediach",B
677,Uniwersytet Kardynała Stefana Wyszyńskiego w Warszawie,nauki o kulturze i religii,B+
678,Uniwersytet Kardynała Stefana Wyszyńskiego w Warszawie,nauki o polityce i administracji,B+
Lp.,Nazwa Podmiotu,Dyscyplina,Kategoria naukowa
680,Uniwersytet Kardynała Stefana Wyszyńskiego w Warszawie,nauki prawne,B+
681,Uniwersytet Kardynała Stefana Wyszyńskiego w Warszawie,nauki socjologiczne,B+
682,Uniwersytet Kardynała Stefana Wyszyńskiego w Warszawie,nauki teologiczne,A
683,Uniwersytet Kardynała Stefana Wyszyńskiego w Warszawie,pedagogika,B+
684,Uniwersytet Kardynała Stefana Wyszyńskiego w Warszawie,prawo kanoniczne,A+
685,Uniwersytet Kardynała Stefana Wyszyńskiego w Warszawie,psychologia,A
686,Uniwersytet Kazimierza Wielkiego w Bydgoszczy,filozofia,B+
687,Uniwersytet Kazimierza Wielkiego w Bydgoszczy,historia,B
688,Uniwersytet Kazimierza Wielkiego w Bydgoszczy,"informatyka techniczna itelekomunikacja",B
689,Uniwersytet Kazimierza Wielkiego w Bydgoszczy,inżynieria materiałowa,B+
690,Uniwersytet Kazimierza Wielkiego w Bydgoszczy,inżynieria mechaniczna,B+
691,Uniwersytet Kazimierza Wielkiego w Bydgoszczy,językoznawstwo,B+
692,Uniwersytet Kazimierza Wielkiego w Bydgoszczy,literaturoznawstwo,B+
693,Uniwersytet Kazimierza Wielkiego w Bydgoszczy,matematyka,C
694,Uniwersytet Kazimierza Wielkiego w Bydgoszczy,nauki biologiczne,B
695,Uniwersytet Kazimierza Wielkiego w Bydgoszczy,nauki fizyczne,B+
696,Uniwersytet Kazimierza Wielkiego w Bydgoszczy,"nauki o komunikacji społecznej imediach",B
697,Uniwersytet Kazimierza Wielkiego w Bydgoszczy,nauki o kulturze fizycznej,B
698,Uniwersytet Kazimierza Wielkiego w Bydgoszczy,nauki o kulturze i religii,A
699,Uniwersytet Kazimierza Wielkiego w Bydgoszczy,nauki o polityce i administracji,A
700,Uniwersytet Kazimierza Wielkiego w Bydgoszczy,nauki o Ziemi i środowisku,B+
701,Uniwersytet Kazimierza Wielkiego w Bydgoszczy,nauki prawne,B
702,Uniwersytet Kazimierza Wielkiego w Bydgoszczy,pedagogika,B+
703,Uniwersytet Kazimierza Wielkiego w Bydgoszczy,psychologia,B
704,Uniwersytet Kazimierza Wielkiego w Bydgoszczy,sztuki muzyczne,B
705,Uniwersytet Łódzki,archeologia,B+
706,Uniwersytet Łódzki,ekonomia i finanse,B+
707,Uniwersytet Łódzki,filozofia,A
708,Uniwersytet Łódzki,"geografia społeczno-ekonomiczna igospodarka przestrzenna",B
709,Uniwersytet Łódzki,historia,B+
Lp.,Nazwa Podmiotu,Dyscyplina,Kategoria naukowa
711,Uniwersytet Łódzki,językoznawstwo,A
712,Uniwersytet Łódzki,literaturoznawstwo,B+
713,Uniwersytet Łódzki,matematyka,B+
714,Uniwersytet Łódzki,nauki biologiczne,B+
715,Uniwersytet Łódzki,nauki chemiczne,B
716,Uniwersytet Łódzki,nauki fizyczne,A
717,Uniwersytet Łódzki,"nauki o komunikacji społecznej imediach",B
718,Uniwersytet Łódzki,nauki o kulturze i religii,A
719,Uniwersytet Łódzki,nauki o polityce i administracji,B+
720,Uniwersytet Łódzki,nauki o sztuce,B+
721,Uniwersytet Łódzki,nauki o zarządzaniu i jakości,B+
722,Uniwersytet Łódzki,nauki o Ziemi i środowisku,B+
723,Uniwersytet Łódzki,nauki prawne,B+
724,Uniwersytet Łódzki,nauki socjologiczne,B+
725,Uniwersytet Łódzki,pedagogika,B+
726,Uniwersytet Łódzki,psychologia,B+
727,Uniwersytet Marii Curie-Skłodowskiej w Lublinie,archeologia,A+
728,Uniwersytet Marii Curie-Skłodowskiej w Lublinie,ekonomia i finanse,B+
729,Uniwersytet Marii Curie-Skłodowskiej w Lublinie,filozofia,B
730,Uniwersytet Marii Curie-Skłodowskiej w Lublinie,"geografia społeczno-ekonomiczna igospodarka przestrzenna",B+
731,Uniwersytet Marii Curie-Skłodowskiej w Lublinie,historia,A
732,Uniwersytet Marii Curie-Skłodowskiej w Lublinie,"informatyka techniczna itelekomunikacja",B
733,Uniwersytet Marii Curie-Skłodowskiej w Lublinie,językoznawstwo,B+
734,Uniwersytet Marii Curie-Skłodowskiej w Lublinie,literaturoznawstwo,A
735,Uniwersytet Marii Curie-Skłodowskiej w Lublinie,matematyka,B
736,Uniwersytet Marii Curie-Skłodowskiej w Lublinie,nauki biologiczne,B+
737,Uniwersytet Marii Curie-Skłodowskiej w Lublinie,nauki chemiczne,B+
738,Uniwersytet Marii Curie-Skłodowskiej w Lublinie,nauki fizyczne,A
739,Uniwersytet Marii Curie-Skłodowskiej w Lublinie,"nauki o komunikacji społecznej imediach",A
740,Uniwersytet Marii Curie-Skłodowskiej w Lublinie,nauki o kulturze i religii,A
Lp.,Nazwa Podmiotu,Dyscyplina,Kategoria naukowa
742,Uniwersytet Marii Curie-Skłodowskiej w Lublinie,nauki o zarządzaniu i jakości,B+
743,Uniwersytet Marii Curie-Skłodowskiej w Lublinie,nauki o Ziemi i środowisku,B+
744,Uniwersytet Marii Curie-Skłodowskiej w Lublinie,nauki prawne,A
745,Uniwersytet Marii Curie-Skłodowskiej w Lublinie,nauki socjologiczne,B+
746,Uniwersytet Marii Curie-Skłodowskiej w Lublinie,pedagogika,B+
747,Uniwersytet Marii Curie-Skłodowskiej w Lublinie,psychologia,B+
748,Uniwersytet Marii Curie-Skłodowskiej w Lublinie,sztuki muzyczne,A
749,Uniwersytet Marii Curie-Skłodowskiej w Lublinie,"sztuki plastyczne i konserwacja dziełsztuki",A
750,Uniwersytet Medyczny im. Karola Marcinkowskiego w Poznaniu,nauki farmaceutyczne,A
751,Uniwersytet Medyczny im. Karola Marcinkowskiego w Poznaniu,nauki medyczne,B+
752,Uniwersytet Medyczny im. Karola Marcinkowskiego w Poznaniu,nauki o zdrowiu,A
753,Uniwersytet Medyczny im. Piastów Śląskich we Wrocławiu,nauki farmaceutyczne,B+
754,Uniwersytet Medyczny im. Piastów Śląskich we Wrocławiu,nauki medyczne,B+
755,Uniwersytet Medyczny im. Piastów Śląskich we Wrocławiu,nauki o zdrowiu,B+
756,Uniwersytet Medyczny w Białymstoku,nauki farmaceutyczne,A+
757,Uniwersytet Medyczny w Białymstoku,nauki medyczne,A
758,Uniwersytet Medyczny w Białymstoku,nauki o zdrowiu,A
759,Uniwersytet Medyczny w Lublinie,nauki farmaceutyczne,B+
760,Uniwersytet Medyczny w Lublinie,nauki medyczne,B+
761,Uniwersytet Medyczny w Lublinie,nauki o zdrowiu,B+
762,Uniwersytet Medyczny w Łodzi,nauki farmaceutyczne,B+
763,Uniwersytet Medyczny w Łodzi,nauki medyczne,A
764,Uniwersytet Medyczny w Łodzi,nauki o zdrowiu,A
765,Uniwersytet Mikołaja Kopernika w Toruniu,archeologia,A
766,Uniwersytet Mikołaja Kopernika w Toruniu,astronomia,B+
767,Uniwersytet Mikołaja Kopernika w Toruniu,ekonomia i finanse,A
768,Uniwersytet Mikołaja Kopernika w Toruniu,filozofia,B+
769,Uniwersytet Mikołaja Kopernika w Toruniu,"geografia społeczno-ekonomiczna igospodarka przestrzenna",B+
770,Uniwersytet Mikołaja Kopernika w Toruniu,historia,A
771,Uniwersytet Mikołaja Kopernika w Toruniu,językoznawstwo,B+
Lp.,Nazwa Podmiotu,Dyscyplina,Kategoria naukowa
773,Uniwersytet Mikołaja Kopernika w Toruniu,matematyka,A
774,Uniwersytet Mikołaja Kopernika w Toruniu,nauki biologiczne,B+
775,Uniwersytet Mikołaja Kopernika w Toruniu,nauki chemiczne,B+
776,Uniwersytet Mikołaja Kopernika w Toruniu,nauki farmaceutyczne,B+
777,Uniwersytet Mikołaja Kopernika w Toruniu,nauki fizyczne,A
778,Uniwersytet Mikołaja Kopernika w Toruniu,nauki medyczne,B+
779,Uniwersytet Mikołaja Kopernika w Toruniu,nauki o bezpieczeństwie,B+
780,Uniwersytet Mikołaja Kopernika w Toruniu,"nauki o komunikacji społecznej imediach",B+
781,Uniwersytet Mikołaja Kopernika w Toruniu,nauki o kulturze i religii,B+
782,Uniwersytet Mikołaja Kopernika w Toruniu,nauki o polityce i administracji,A
783,Uniwersytet Mikołaja Kopernika w Toruniu,nauki o sztuce,A
784,Uniwersytet Mikołaja Kopernika w Toruniu,nauki o zarządzaniu i jakości,A
785,Uniwersytet Mikołaja Kopernika w Toruniu,nauki o zdrowiu,B+
786,Uniwersytet Mikołaja Kopernika w Toruniu,nauki o Ziemi i środowisku,B+
787,Uniwersytet Mikołaja Kopernika w Toruniu,nauki prawne,A
788,Uniwersytet Mikołaja Kopernika w Toruniu,nauki socjologiczne,B+
789,Uniwersytet Mikołaja Kopernika w Toruniu,nauki teologiczne,A
790,Uniwersytet Mikołaja Kopernika w Toruniu,pedagogika,A
791,Uniwersytet Mikołaja Kopernika w Toruniu,psychologia,B+
792,Uniwersytet Mikołaja Kopernika w Toruniu,"sztuki plastyczne i konserwacja dziełsztuki",A
793,Uniwersytet Mikołaja Kopernika w Toruniu,weterynaria,B
794,Uniwersytet Morski w Gdyni,"automatyka, elektronika ielektrotechnika",B+
795,Uniwersytet Morski w Gdyni,inżynieria lądowa i transport,B+
796,Uniwersytet Morski w Gdyni,inżynieria mechaniczna,B
797,Uniwersytet Morski w Gdyni,nauki o zarządzaniu i jakości,B+
798,Uniwersytet Morski w Gdyni,nauki o Ziemi i środowisku,B+
799,Uniwersytet Muzyczny Fryderyka Chopina w Warszawie,sztuki muzyczne,A+
800,Uniwersytet Opolski,ekonomia i finanse,B+
801,Uniwersytet Opolski,historia,B+
802,Uniwersytet Opolski,informatyka,B+
Lp.,Nazwa Podmiotu,Dyscyplina,Kategoria naukowa
804,Uniwersytet Opolski,językoznawstwo,A
805,Uniwersytet Opolski,literaturoznawstwo,A
806,Uniwersytet Opolski,nauki biologiczne,B+
807,Uniwersytet Opolski,nauki chemiczne,B+
808,Uniwersytet Opolski,nauki fizyczne,B+
809,Uniwersytet Opolski,nauki medyczne,B+
810,Uniwersytet Opolski,nauki o polityce i administracji,B+
811,Uniwersytet Opolski,nauki o zdrowiu,A
812,Uniwersytet Opolski,nauki prawne,B+
813,Uniwersytet Opolski,nauki teologiczne,A
814,Uniwersytet Opolski,pedagogika,B+
815,Uniwersytet Opolski,psychologia,A
816,Uniwersytet Opolski,"sztuki plastyczne i konserwacja dziełsztuki",B
817,Uniwersytet Papieski Jana Pawła II w Krakowie,filozofia,B+
818,Uniwersytet Papieski Jana Pawła II w Krakowie,historia,B+
819,Uniwersytet Papieski Jana Pawła II w Krakowie,"nauki o komunikacji społecznej imediach",B
820,Uniwersytet Papieski Jana Pawła II w Krakowie,nauki o sztuce,B+
821,Uniwersytet Papieski Jana Pawła II w Krakowie,nauki socjologiczne,B
822,Uniwersytet Papieski Jana Pawła II w Krakowie,nauki teologiczne,B+
823,Uniwersytet Papieski Jana Pawła II w Krakowie,prawo kanoniczne,A
824,"Uniwersytet Pedagogiczny im. Komisji Edukacji Narodowej wKrakowie",ekonomia i finanse,B+
825,"Uniwersytet Pedagogiczny im. Komisji Edukacji Narodowej wKrakowie",filozofia,B+
826,"Uniwersytet Pedagogiczny im. Komisji Edukacji Narodowej wKrakowie","geografia społeczno-ekonomiczna igospodarka przestrzenna",B+
827,"Uniwersytet Pedagogiczny im. Komisji Edukacji Narodowej wKrakowie",historia,B+
828,"Uniwersytet Pedagogiczny im. Komisji Edukacji Narodowej wKrakowie","informatyka techniczna itelekomunikacja",B+
829,"Uniwersytet Pedagogiczny im. Komisji Edukacji Narodowej wKrakowie",inżynieria materiałowa,B
830,"Uniwersytet Pedagogiczny im. Komisji Edukacji Narodowej wKrakowie",językoznawstwo,B+
831,"Uniwersytet Pedagogiczny im. Komisji Edukacji Narodowej wKrakowie",literaturoznawstwo,B+
832,"Uniwersytet Pedagogiczny im. Komisji Edukacji Narodowej wKrakowie",matematyka,B+
833,"Uniwersytet Pedagogiczny im. Komisji Edukacji Narodowej wKrakowie",nauki biologiczne,B
Lp.,Nazwa Podmiotu,Dyscyplina,Kategoria naukowa
835,"Uniwersytet Pedagogiczny im. Komisji Edukacji Narodowej wKrakowie",nauki o bezpieczeństwie,B+
836,"Uniwersytet Pedagogiczny im. Komisji Edukacji Narodowej wKrakowie","nauki o komunikacji społecznej imediach",B+
837,"Uniwersytet Pedagogiczny im. Komisji Edukacji Narodowej wKrakowie",nauki o polityce i administracji,B+
838,"Uniwersytet Pedagogiczny im. Komisji Edukacji Narodowej wKrakowie",nauki o sztuce,B+
839,"Uniwersytet Pedagogiczny im. Komisji Edukacji Narodowej wKrakowie",nauki o Ziemi i środowisku,B+
840,"Uniwersytet Pedagogiczny im. Komisji Edukacji Narodowej wKrakowie",nauki prawne,B
841,"Uniwersytet Pedagogiczny im. Komisji Edukacji Narodowej wKrakowie",nauki socjologiczne,B
842,"Uniwersytet Pedagogiczny im. Komisji Edukacji Narodowej wKrakowie",pedagogika,B+
843,"Uniwersytet Pedagogiczny im. Komisji Edukacji Narodowej wKrakowie",psychologia,B
844,"Uniwersytet Pedagogiczny im. Komisji Edukacji Narodowej wKrakowie","sztuki plastyczne i konserwacja dziełsztuki",B+
845,Uniwersytet Przyrodniczo-Humanistyczny w Siedlcach,historia,B+
846,Uniwersytet Przyrodniczo-Humanistyczny w Siedlcach,informatyka,C
847,Uniwersytet Przyrodniczo-Humanistyczny w Siedlcach,językoznawstwo,B
848,Uniwersytet Przyrodniczo-Humanistyczny w Siedlcach,literaturoznawstwo,B
849,Uniwersytet Przyrodniczo-Humanistyczny w Siedlcach,matematyka,B+
850,Uniwersytet Przyrodniczo-Humanistyczny w Siedlcach,nauki biologiczne,B+
851,Uniwersytet Przyrodniczo-Humanistyczny w Siedlcach,nauki chemiczne,B
852,Uniwersytet Przyrodniczo-Humanistyczny w Siedlcach,nauki o bezpieczeństwie,B+
853,Uniwersytet Przyrodniczo-Humanistyczny w Siedlcach,nauki o polityce i administracji,B
854,Uniwersytet Przyrodniczo-Humanistyczny w Siedlcach,nauki o zarządzaniu i jakości,B+
855,Uniwersytet Przyrodniczo-Humanistyczny w Siedlcach,nauki o zdrowiu,B+
856,Uniwersytet Przyrodniczo-Humanistyczny w Siedlcach,pedagogika,B+
857,Uniwersytet Przyrodniczo-Humanistyczny w Siedlcach,rolnictwo i ogrodnictwo,B
858,Uniwersytet Przyrodniczo-Humanistyczny w Siedlcach,zootechnika i rybactwo,B
859,Uniwersytet Przyrodniczy w Lublinie,inżynieria mechaniczna,B+
860,Uniwersytet Przyrodniczy w Lublinie,"inżynieria środowiska, górnictwo ienergetyka",A
861,Uniwersytet Przyrodniczy w Lublinie,nauki biologiczne,B+
862,Uniwersytet Przyrodniczy w Lublinie,rolnictwo i ogrodnictwo,B+
863,Uniwersytet Przyrodniczy w Lublinie,technologia żywności i żywienia,B+
864,Uniwersytet Przyrodniczy w Lublinie,weterynaria,B+
Lp.,Nazwa Podmiotu,Dyscyplina,Kategoria naukowa
866,Uniwersytet Przyrodniczy w Poznaniu,ekonomia i finanse,B+
867,Uniwersytet Przyrodniczy w Poznaniu,inżynieria mechaniczna,B+
868,Uniwersytet Przyrodniczy w Poznaniu,"inżynieria środowiska, górnictwo ienergetyka",B
869,Uniwersytet Przyrodniczy w Poznaniu,nauki biologiczne,A
870,Uniwersytet Przyrodniczy w Poznaniu,nauki leśne,B+
871,Uniwersytet Przyrodniczy w Poznaniu,rolnictwo i ogrodnictwo,B+
872,Uniwersytet Przyrodniczy w Poznaniu,technologia żywności i żywienia,A+
873,Uniwersytet Przyrodniczy w Poznaniu,weterynaria,A
874,Uniwersytet Przyrodniczy w Poznaniu,zootechnika i rybactwo,A+
875,Uniwersytet Przyrodniczy we Wrocławiu,"geografia społeczno-ekonomiczna igospodarka przestrzenna",A
876,Uniwersytet Przyrodniczy we Wrocławiu,inżynieria lądowa i transport,A
877,Uniwersytet Przyrodniczy we Wrocławiu,"inżynieria środowiska, górnictwo ienergetyka",B+
878,Uniwersytet Przyrodniczy we Wrocławiu,nauki biologiczne,B+
879,Uniwersytet Przyrodniczy we Wrocławiu,rolnictwo i ogrodnictwo,B+
880,Uniwersytet Przyrodniczy we Wrocławiu,technologia żywności i żywienia,A+
881,Uniwersytet Przyrodniczy we Wrocławiu,weterynaria,B+
882,Uniwersytet Przyrodniczy we Wrocławiu,zootechnika i rybactwo,B+
883,Uniwersytet Rolniczy im. Hugona Kołłątaja w Krakowie,ekonomia i finanse,B+
884,Uniwersytet Rolniczy im. Hugona Kołłątaja w Krakowie,inżynieria lądowa i transport,B
885,Uniwersytet Rolniczy im. Hugona Kołłątaja w Krakowie,inżynieria mechaniczna,B+
886,Uniwersytet Rolniczy im. Hugona Kołłątaja w Krakowie,"inżynieria środowiska, górnictwo ienergetyka",B
887,Uniwersytet Rolniczy im. Hugona Kołłątaja w Krakowie,matematyka,B+
888,Uniwersytet Rolniczy im. Hugona Kołłątaja w Krakowie,nauki biologiczne,B+
889,Uniwersytet Rolniczy im. Hugona Kołłątaja w Krakowie,nauki leśne,A+
890,Uniwersytet Rolniczy im. Hugona Kołłątaja w Krakowie,nauki o zarządzaniu i jakości,B+
891,Uniwersytet Rolniczy im. Hugona Kołłątaja w Krakowie,rolnictwo i ogrodnictwo,B+
892,Uniwersytet Rolniczy im. Hugona Kołłątaja w Krakowie,technologia żywności i żywienia,B+
893,Uniwersytet Rolniczy im. Hugona Kołłątaja w Krakowie,weterynaria,B+
894,Uniwersytet Rolniczy im. Hugona Kołłątaja w Krakowie,zootechnika i rybactwo,A
895,Uniwersytet Rzeszowski,archeologia,A
Lp.,Nazwa Podmiotu,Dyscyplina,Kategoria naukowa
897,Uniwersytet Rzeszowski,filozofia,A
898,Uniwersytet Rzeszowski,historia,B+
899,Uniwersytet Rzeszowski,"informatyka techniczna itelekomunikacja",A
900,Uniwersytet Rzeszowski,inżynieria materiałowa,B+
901,Uniwersytet Rzeszowski,językoznawstwo,B+
902,Uniwersytet Rzeszowski,literaturoznawstwo,B+
903,Uniwersytet Rzeszowski,matematyka,B+
904,Uniwersytet Rzeszowski,nauki biologiczne,B+
905,Uniwersytet Rzeszowski,nauki fizyczne,A
906,Uniwersytet Rzeszowski,nauki medyczne,A
907,Uniwersytet Rzeszowski,nauki o kulturze fizycznej,B+
908,Uniwersytet Rzeszowski,nauki o polityce i administracji,B+
909,Uniwersytet Rzeszowski,nauki o zdrowiu,B+
910,Uniwersytet Rzeszowski,nauki prawne,B+
911,Uniwersytet Rzeszowski,nauki socjologiczne,B+
912,Uniwersytet Rzeszowski,pedagogika,B+
913,Uniwersytet Rzeszowski,rolnictwo i ogrodnictwo,B+
914,Uniwersytet Rzeszowski,sztuki muzyczne,B
915,Uniwersytet Rzeszowski,"sztuki plastyczne i konserwacja dziełsztuki",A
916,Uniwersytet Rzeszowski,technologia żywności i żywienia,B+
917,Uniwersytet Szczeciński,ekonomia i finanse,B+
918,Uniwersytet Szczeciński,filozofia,B+
919,Uniwersytet Szczeciński,"geografia społeczno-ekonomiczna igospodarka przestrzenna",B+
920,Uniwersytet Szczeciński,historia,A
921,Uniwersytet Szczeciński,językoznawstwo,B+
922,Uniwersytet Szczeciński,literaturoznawstwo,B+
923,Uniwersytet Szczeciński,matematyka,B+
924,Uniwersytet Szczeciński,nauki biologiczne,B+
925,Uniwersytet Szczeciński,nauki fizyczne,A
926,Uniwersytet Szczeciński,nauki o kulturze fizycznej,B+
Lp.,Nazwa Podmiotu,Dyscyplina,Kategoria naukowa
928,Uniwersytet Szczeciński,nauki o zarządzaniu i jakości,B+
929,Uniwersytet Szczeciński,nauki o Ziemi i środowisku,B+
930,Uniwersytet Szczeciński,nauki prawne,A
931,Uniwersytet Szczeciński,nauki socjologiczne,B+
932,Uniwersytet Szczeciński,nauki teologiczne,B+
933,Uniwersytet Szczeciński,pedagogika,B+
934,Uniwersytet Szczeciński,psychologia,B
935,Uniwersytet Śląski w Katowicach,filozofia,B+
936,Uniwersytet Śląski w Katowicach,"geografia społeczno-ekonomiczna igospodarka przestrzenna",B+
937,Uniwersytet Śląski w Katowicach,historia,B+
938,Uniwersytet Śląski w Katowicach,informatyka,B+
939,Uniwersytet Śląski w Katowicach,inżynieria biomedyczna,B+
940,Uniwersytet Śląski w Katowicach,inżynieria materiałowa,B+
941,Uniwersytet Śląski w Katowicach,językoznawstwo,B+
942,Uniwersytet Śląski w Katowicach,literaturoznawstwo,A
943,Uniwersytet Śląski w Katowicach,matematyka,B+
944,Uniwersytet Śląski w Katowicach,nauki biologiczne,B+
945,Uniwersytet Śląski w Katowicach,nauki chemiczne,A
946,Uniwersytet Śląski w Katowicach,nauki fizyczne,A
947,Uniwersytet Śląski w Katowicach,"nauki o komunikacji społecznej imediach",B+
948,Uniwersytet Śląski w Katowicach,nauki o kulturze i religii,A
949,Uniwersytet Śląski w Katowicach,nauki o polityce i administracji,A+
950,Uniwersytet Śląski w Katowicach,nauki o sztuce,A
951,Uniwersytet Śląski w Katowicach,nauki o Ziemi i środowisku,B+
952,Uniwersytet Śląski w Katowicach,nauki prawne,A
953,Uniwersytet Śląski w Katowicach,nauki socjologiczne,B
954,Uniwersytet Śląski w Katowicach,nauki teologiczne,B+
955,Uniwersytet Śląski w Katowicach,pedagogika,B+
956,Uniwersytet Śląski w Katowicach,psychologia,B+
957,Uniwersytet Śląski w Katowicach,sztuki filmowe i teatralne,A
Lp.,Nazwa Podmiotu,Dyscyplina,Kategoria naukowa
959,Uniwersytet Śląski w Katowicach,"sztuki plastyczne i konserwacja dziełsztuki",B
960,"Uniwersytet Technologiczno-Humanistyczny im. KazimierzaPułaskiego w Radomiu","automatyka, elektronika ielektrotechnika",B+
961,"Uniwersytet Technologiczno-Humanistyczny im. KazimierzaPułaskiego w Radomiu",ekonomia i finanse,B+
962,"Uniwersytet Technologiczno-Humanistyczny im. KazimierzaPułaskiego w Radomiu",inżynieria chemiczna,B
963,"Uniwersytet Technologiczno-Humanistyczny im. KazimierzaPułaskiego w Radomiu",inżynieria lądowa i transport,B
964,"Uniwersytet Technologiczno-Humanistyczny im. KazimierzaPułaskiego w Radomiu",inżynieria mechaniczna,B+
965,"Uniwersytet Technologiczno-Humanistyczny im. KazimierzaPułaskiego w Radomiu",nauki o zarządzaniu i jakości,B+
966,"Uniwersytet Technologiczno-Humanistyczny im. KazimierzaPułaskiego w Radomiu",nauki prawne,B+
967,"Uniwersytet Technologiczno-Humanistyczny im. KazimierzaPułaskiego w Radomiu",pedagogika,B+
968,"Uniwersytet Technologiczno-Humanistyczny im. KazimierzaPułaskiego w Radomiu","sztuki plastyczne i konserwacja dziełsztuki",B
969,Uniwersytet w Białymstoku,ekonomia i finanse,B+
970,Uniwersytet w Białymstoku,filozofia,B+
971,Uniwersytet w Białymstoku,historia,A
972,Uniwersytet w Białymstoku,informatyka,B+
973,Uniwersytet w Białymstoku,językoznawstwo,B+
974,Uniwersytet w Białymstoku,literaturoznawstwo,B+
975,Uniwersytet w Białymstoku,matematyka,B+
976,Uniwersytet w Białymstoku,nauki biologiczne,B
977,Uniwersytet w Białymstoku,nauki chemiczne,B+
978,Uniwersytet w Białymstoku,nauki fizyczne,B+
979,Uniwersytet w Białymstoku,nauki o kulturze i religii,B
980,Uniwersytet w Białymstoku,nauki o zarządzaniu i jakości,B
981,Uniwersytet w Białymstoku,nauki prawne,A+
982,Uniwersytet w Białymstoku,nauki socjologiczne,B
983,Uniwersytet w Białymstoku,pedagogika,B+
984,Uniwersytet Warmińsko-Mazurski w Olsztynie,ekonomia i finanse,B+
985,Uniwersytet Warmińsko-Mazurski w Olsztynie,filozofia,B+
986,Uniwersytet Warmińsko-Mazurski w Olsztynie,"geografia społeczno-ekonomiczna igospodarka przestrzenna",A
987,Uniwersytet Warmińsko-Mazurski w Olsztynie,historia,B+
988,Uniwersytet Warmińsko-Mazurski w Olsztynie,inżynieria lądowa i transport,B+
Lp.,Nazwa Podmiotu,Dyscyplina,Kategoria naukowa
990,Uniwersytet Warmińsko-Mazurski w Olsztynie,"inżynieria środowiska, górnictwo ienergetyka",B+
991,Uniwersytet Warmińsko-Mazurski w Olsztynie,językoznawstwo,A
992,Uniwersytet Warmińsko-Mazurski w Olsztynie,literaturoznawstwo,B+
993,Uniwersytet Warmińsko-Mazurski w Olsztynie,matematyka,B+
994,Uniwersytet Warmińsko-Mazurski w Olsztynie,nauki biologiczne,B+
995,Uniwersytet Warmińsko-Mazurski w Olsztynie,nauki medyczne,B+
996,Uniwersytet Warmińsko-Mazurski w Olsztynie,"nauki o komunikacji społecznej imediach",B+
997,Uniwersytet Warmińsko-Mazurski w Olsztynie,nauki o polityce i administracji,B+
998,Uniwersytet Warmińsko-Mazurski w Olsztynie,nauki o zarządzaniu i jakości,B+
999,Uniwersytet Warmińsko-Mazurski w Olsztynie,nauki prawne,B+
1000,Uniwersytet Warmińsko-Mazurski w Olsztynie,nauki teologiczne,A
1001,Uniwersytet Warmińsko-Mazurski w Olsztynie,pedagogika,A
1002,Uniwersytet Warmińsko-Mazurski w Olsztynie,rolnictwo i ogrodnictwo,B+
1003,Uniwersytet Warmińsko-Mazurski w Olsztynie,sztuki muzyczne,B+
1004,Uniwersytet Warmińsko-Mazurski w Olsztynie,"sztuki plastyczne i konserwacja dziełsztuki",A
1005,Uniwersytet Warmińsko-Mazurski w Olsztynie,technologia żywności i żywienia,B+
1006,Uniwersytet Warmińsko-Mazurski w Olsztynie,weterynaria,A
1007,Uniwersytet Warmińsko-Mazurski w Olsztynie,zootechnika i rybactwo,B+
1008,Uniwersytet Warszawski,archeologia,A
1009,Uniwersytet Warszawski,astronomia,A+
1010,Uniwersytet Warszawski,ekonomia i finanse,A
1011,Uniwersytet Warszawski,filozofia,A
1012,Uniwersytet Warszawski,"geografia społeczno-ekonomiczna igospodarka przestrzenna",A
1013,Uniwersytet Warszawski,historia,A+
1014,Uniwersytet Warszawski,informatyka,A+
1015,Uniwersytet Warszawski,językoznawstwo,A
1016,Uniwersytet Warszawski,literaturoznawstwo,A
1017,Uniwersytet Warszawski,matematyka,A+
1018,Uniwersytet Warszawski,nauki biologiczne,B+
1019,Uniwersytet Warszawski,nauki chemiczne,A+
Lp.,Nazwa Podmiotu,Dyscyplina,Kategoria naukowa
1021,Uniwersytet Warszawski,nauki o bezpieczeństwie,A+
1022,Uniwersytet Warszawski,"nauki o komunikacji społecznej imediach",B+
1023,Uniwersytet Warszawski,nauki o kulturze i religii,B+
1024,Uniwersytet Warszawski,nauki o polityce i administracji,B+
1025,Uniwersytet Warszawski,nauki o sztuce,B+
1026,Uniwersytet Warszawski,nauki o zarządzaniu i jakości,B+
1027,Uniwersytet Warszawski,nauki o Ziemi i środowisku,A
1028,Uniwersytet Warszawski,nauki prawne,B+
1029,Uniwersytet Warszawski,nauki socjologiczne,A
1030,Uniwersytet Warszawski,pedagogika,B+
1031,Uniwersytet Warszawski,psychologia,A+
1032,Uniwersytet Wrocławski,archeologia,A
1033,Uniwersytet Wrocławski,astronomia,A
1034,Uniwersytet Wrocławski,ekonomia i finanse,B+
1035,Uniwersytet Wrocławski,filozofia,B+
1036,Uniwersytet Wrocławski,"geografia społeczno-ekonomiczna igospodarka przestrzenna",B+
1037,Uniwersytet Wrocławski,historia,A+
1038,Uniwersytet Wrocławski,informatyka,A+
1039,Uniwersytet Wrocławski,inżynieria biomedyczna,A
1040,Uniwersytet Wrocławski,językoznawstwo,B+
1041,Uniwersytet Wrocławski,literaturoznawstwo,A
1042,Uniwersytet Wrocławski,matematyka,A
1043,Uniwersytet Wrocławski,nauki biologiczne,B+
1044,Uniwersytet Wrocławski,nauki chemiczne,B+
1045,Uniwersytet Wrocławski,nauki fizyczne,B+
1046,Uniwersytet Wrocławski,nauki medyczne,A
1047,Uniwersytet Wrocławski,nauki o bezpieczeństwie,B+
1048,Uniwersytet Wrocławski,"nauki o komunikacji społecznej imediach",B+
1049,Uniwersytet Wrocławski,nauki o kulturze i religii,B+
1050,Uniwersytet Wrocławski,nauki o polityce i administracji,B+
Lp.,Nazwa Podmiotu,Dyscyplina,Kategoria naukowa
1052,Uniwersytet Wrocławski,nauki o Ziemi i środowisku,B+
1053,Uniwersytet Wrocławski,nauki prawne,A
1054,Uniwersytet Wrocławski,nauki socjologiczne,B+
1055,Uniwersytet Wrocławski,pedagogika,B+
1056,Uniwersytet Wrocławski,psychologia,A
1057,Uniwersytet Zielonogórski,astronomia,B+
1058,Uniwersytet Zielonogórski,"automatyka, elektronika ielektrotechnika",A
1059,Uniwersytet Zielonogórski,ekonomia i finanse,A
1060,Uniwersytet Zielonogórski,filozofia,B+
1061,Uniwersytet Zielonogórski,historia,B+
1062,Uniwersytet Zielonogórski,"informatyka techniczna itelekomunikacja",B+
1063,Uniwersytet Zielonogórski,inżynieria lądowa i transport,B+
1064,Uniwersytet Zielonogórski,inżynieria mechaniczna,A
1065,Uniwersytet Zielonogórski,"inżynieria środowiska, górnictwo ienergetyka",B+
1066,Uniwersytet Zielonogórski,językoznawstwo,A
1067,Uniwersytet Zielonogórski,literaturoznawstwo,A
1068,Uniwersytet Zielonogórski,matematyka,B+
1069,Uniwersytet Zielonogórski,nauki biologiczne,B+
1070,Uniwersytet Zielonogórski,nauki fizyczne,B+
1071,Uniwersytet Zielonogórski,nauki medyczne,B+
1072,Uniwersytet Zielonogórski,nauki o polityce i administracji,A
1073,Uniwersytet Zielonogórski,nauki o zarządzaniu i jakości,B+
1074,Uniwersytet Zielonogórski,nauki o zdrowiu,A
1075,Uniwersytet Zielonogórski,nauki prawne,B+
1076,Uniwersytet Zielonogórski,nauki socjologiczne,B
1077,Uniwersytet Zielonogórski,pedagogika,A
1078,Uniwersytet Zielonogórski,sztuki muzyczne,B
1079,Uniwersytet Zielonogórski,"sztuki plastyczne i konserwacja dziełsztuki",B+
1080,Warszawski Uniwersytet Medyczny,nauki farmaceutyczne,B+
1081,Warszawski Uniwersytet Medyczny,nauki medyczne,A
Lp.,Nazwa Podmiotu,Dyscyplina,Kategoria naukowa
1083,Wielkopolskie Centrum Onkologii im. Marii Skłodowskiej-Curie,nauki medyczne,C
1084,Wojewódzki Szpital Specjalistyczny we Wrocławiu,nauki medyczne,B+
1085,Wojskowa Akademia Techniczna im. Jarosława Dąbrowskiego,"automatyka, elektronika ielektrotechnika",A
1086,Wojskowa Akademia Techniczna im. Jarosława Dąbrowskiego,"informatyka techniczna itelekomunikacja",B+
1087,Wojskowa Akademia Techniczna im. Jarosława Dąbrowskiego,inżynieria lądowa i transport,A
1088,Wojskowa Akademia Techniczna im. Jarosława Dąbrowskiego,inżynieria materiałowa,B+
1089,Wojskowa Akademia Techniczna im. Jarosława Dąbrowskiego,inżynieria mechaniczna,B+
1090,Wojskowa Akademia Techniczna im. Jarosława Dąbrowskiego,nauki chemiczne,B+
1091,Wojskowa Akademia Techniczna im. Jarosława Dąbrowskiego,nauki o bezpieczeństwie,B+
1092,Wojskowy Instytut Chemii i Radiometrii,inżynieria chemiczna,B+
1093,"Wojskowy Instytut Higieny i Epidemiologii im. gen. KarolaKaczkowskiego",nauki o zdrowiu,B
1094,"Wojskowy Instytut Łączności im. prof. dr. hab. JanuszaGroszkowskiego Państwowy Instytut Badawczy","informatyka techniczna itelekomunikacja",A
1095,Wojskowy Instytut Medycyny Lotniczej,nauki medyczne,B+
1096,Wojskowy Instytut Medyczny,nauki medyczne,A
1097,Wojskowy Instytut Techniczny Uzbrojenia,inżynieria mechaniczna,B+
1098,Wojskowy Instytut Techniczny Uzbrojenia,nauki o bezpieczeństwie,B+
1099,"Wojskowy Instytut Techniki Inżynieryjnej im. profesora JózefaKosackiego",inżynieria mechaniczna,A
1100,Wojskowy Instytut Techniki Pancernej i Samochodowej,inżynieria mechaniczna,B
1101,Wyższa Szkoła Bankowa w Toruniu,ekonomia i finanse,B+
1102,Wyższa Szkoła Bankowa w Toruniu,psychologia,B
1103,Wyższa Szkoła Ekonomii i Innowacji w Lublinie,ekonomia i finanse,B+
1104,Wyższa Szkoła Ekonomii i Innowacji w Lublinie,"informatyka techniczna itelekomunikacja",A
1105,Wyższa Szkoła Ekonomii i Innowacji w Lublinie,nauki o zdrowiu,C
1106,Wyższa Szkoła Ekonomii i Innowacji w Lublinie,psychologia,B
1107,Wyższa Szkoła Gospodarki w Bydgoszczy,"automatyka, elektronika ielektrotechnika",C
1108,Wyższa Szkoła Gospodarki w Bydgoszczy,nauki o kulturze i religii,C
1109,Wyższa Szkoła Gospodarki w Bydgoszczy,nauki o zarządzaniu i jakości,C
1110,Wyższa Szkoła Gospodarki w Bydgoszczy,nauki o zdrowiu,B
1111,Wyższa Szkoła Gospodarki w Bydgoszczy,pedagogika,C
1112,Wyższa Szkoła Humanitas w Sosnowcu,nauki o zarządzaniu i jakości,B
Lp.,Nazwa Podmiotu,Dyscyplina,Kategoria naukowa
1114,Wyższa Szkoła Humanitas w Sosnowcu,pedagogika,C
1115,"Wyższa Szkoła Informatyki i Zarządzania z siedzibą wRzeszowie",ekonomia i finanse,B+
1116,"Wyższa Szkoła Informatyki i Zarządzania z siedzibą wRzeszowie","informatyka techniczna itelekomunikacja",B
1117,"Wyższa Szkoła Informatyki i Zarządzania z siedzibą wRzeszowie",nauki medyczne,B+
1118,"Wyższa Szkoła Informatyki i Zarządzania z siedzibą wRzeszowie","nauki o komunikacji społecznej imediach",A
1119,"Wyższa Szkoła Informatyki i Zarządzania z siedzibą wRzeszowie",nauki o polityce i administracji,B
1120,"Wyższa Szkoła Informatyki i Zarządzania z siedzibą wRzeszowie",nauki o zarządzaniu i jakości,B
1121,"Wyższa Szkoła Informatyki Stosowanej i Zarządzania wWarszawie","sztuki plastyczne i konserwacja dziełsztuki",B
1122,Wyższa Szkoła Logistyki w Poznaniu,nauki o zarządzaniu i jakości,C
1123,Wyższa Szkoła Policji w Szczytnie,nauki o bezpieczeństwie,B+
1124,Wyższa Szkoła Policji w Szczytnie,nauki prawne,B+
1125,"Wyższa Szkoła Prawa i Administracji Rzeszowska SzkołaWyższa z siedzibą w Rzeszowie",nauki prawne,B+
1126,Wyższa Szkoła Techniczna w Katowicach,architektura i urbanistyka,B+
1127,Wyższa Szkoła Techniczna w Katowicach,nauki medyczne,A
1128,Wyższa Szkoła Techniczna w Katowicach,nauki o zdrowiu,B
1129,Wyższa Szkoła Techniczna w Katowicach,"sztuki plastyczne i konserwacja dziełsztuki",B
1130,Wyższa Szkoła Turystyki i Ekologii w Suchej Beskidzkiej,nauki o zarządzaniu i jakości,C
1131,Wyższa Szkoła Zarządzania i Administracji w Opolu,pedagogika,C
1132,Zachodniopomorski Uniwersytet Technologiczny w Szczecinie,architektura i urbanistyka,B+
1133,Zachodniopomorski Uniwersytet Technologiczny w Szczecinie,"automatyka, elektronika ielektrotechnika",B+
1134,Zachodniopomorski Uniwersytet Technologiczny w Szczecinie,ekonomia i finanse,B+
1135,Zachodniopomorski Uniwersytet Technologiczny w Szczecinie,"informatyka techniczna itelekomunikacja",B+
1136,Zachodniopomorski Uniwersytet Technologiczny w Szczecinie,inżynieria chemiczna,B+
1137,Zachodniopomorski Uniwersytet Technologiczny w Szczecinie,inżynieria lądowa i transport,B+
1138,Zachodniopomorski Uniwersytet Technologiczny w Szczecinie,inżynieria materiałowa,A
1139,Zachodniopomorski Uniwersytet Technologiczny w Szczecinie,inżynieria mechaniczna,B+
1140,Zachodniopomorski Uniwersytet Technologiczny w Szczecinie,"inżynieria środowiska, górnictwo ienergetyka",B+
1141,Zachodniopomorski Uniwersytet Technologiczny w Szczecinie,nauki chemiczne,B+
1142,Zachodniopomorski Uniwersytet Technologiczny w Szczecinie,rolnictwo i ogrodnictwo,A
1143,Zachodniopomorski Uniwersytet Technologiczny w Szczecinie,"sztuki plastyczne i konserwacja dziełsztuki",B
Lp.,Nazwa Podmiotu,Dyscyplina,Kategoria naukowa
1145,Zachodniopomorski Uniwersytet Technologiczny w Szczecinie,zootechnika i rybactwo,B+
